name,brand,os,cpu_brand,cpu,cpu_cores,cpu_speed,has_sim,has_5G,has_nfc,has_irblaster,ram,inbuilt_storage,battery_capacity,fast_charging,screen_size,aspect_ratio_category,screen_res,screen_refresh_rate,ppi,rear_cameras,rear_primary,front_cameras,front_primary,expandable,spec_score,user_rating,price
Samsung Galaxy Tab A9 Plus Tablet (5G+ 8GB RAM + 128GB),samsung,android,Snapdragon,Snapdragon 695,8,2.2,1,1,0,0,8,128,7040,15,11,Standard (4:3 or 5:4),HD+,90,205.83,1,8,1,5,1024,76,4.75,17905
Samsung Galaxy Tab S9 FE Plus 2023 (Wi-Fi Only+8GB RAM + 128GB),samsung,android,Exynos,Exynos 1380,8,2.4,0,0,0,0,8,128,10090,45,12.4,Standard (4:3 or 5:4),WQXGA,120,243.46,2,8,1,12,1024,78,4.75,32628
Samsung Galaxy Tab S11 Ultra,samsung,android,Dimensity,Dimensity 9400 Plus,8,NULL,1,1,0,0,12,256,11800,45,14.8,Standard (4:3 or 5:4),WQHD+,120,235.78,2,50,2,12,1,82,4.7,129990
Samsung Galaxy Tab S9 FE,samsung,android,Exynos,Exynos 1380,8,2.4,1,1,0,0,6,128,8000,45,10.9,Standard (4:3 or 5:4),2K,90,249.26,1,8,1,12,1024,84,4,44999
Samsung Galaxy Tab S9 FE (Wi-Fi Only),samsung,android,Exynos,Exynos 1380,8,2.4,0,0,0,0,6,128,8000,45,10.9,Standard (4:3 or 5:4),2K,90,249.26,1,8,1,12,1024,74,4.35,26280
Samsung Galaxy Tab S10 FE 5G,samsung,android,Exynos,Exynos 1580,8,2.9,1,1,0,0,8,128,8000,45,10.9,Standard (4:3 or 5:4),2K,90,249.26,1,13,1,12,2048,88,4.1,50999
Samsung Galaxy Tab A10,samsung,android,NULL,NULL,8,NULL,0,0,0,0,4,128,7050,25,8.8,Standard (4:3 or 5:4),SD,60,177.35,1,8,1,5,1024,53,4.6,11990
Samsung Galaxy Tab A9 Plus Tablet (Wi-Fi+8GB RAM+128GB),samsung,android,Snapdragon,Snapdragon 695,8,2.2,0,0,0,0,8,128,7040,15,11,Standard (4:3 or 5:4),HD+,90,205.83,1,8,1,5,1024,70,4.15,20999
Samsung Galaxy Tab S9 FE Plus,samsung,android,Exynos,Exynos 1380,8,2.4,1,1,0,0,8,128,10090,45,12.4,Standard (4:3 or 5:4),WQXGA,120,243.46,2,8,1,12,1024,89,4.25,54999
Samsung Galaxy Tab A9 Tablet,samsung,android,Helio,Helio G99,8,2.2,1,0,0,0,4,64,5100,15,8.7,Standard (4:3 or 5:4),SD,60,179.38,1,8,1,2,1024,70,4.65,13890
Samsung Galaxy Tab A9 Plus Tablet,samsung,android,Snapdragon,Snapdragon 695,8,2.2,1,1,0,0,4,64,7040,15,11,Standard (4:3 or 5:4),HD+,90,205.83,1,8,1,5,1024,73,4.75,22127
Samsung Galaxy Tab S10 FE Plus 5G,samsung,android,Exynos,Exynos 1580,8,2.9,1,1,0,0,8,128,10090,45,13.1,Standard (4:3 or 5:4),3K,90,259.25,1,13,1,12,2048,94,4.35,63999
Samsung Galaxy Tab S8 Ultra 5G Tablet,samsung,android,Snapdragon,Snapdragon 8 Gen1,8,3,1,1,0,0,12,256,11200,45,14.6,Standard (4:3 or 5:4),WQHD+,120,239.01,2,13,2,12,1024,94,4.5,79999
Samsung Galaxy Tab S10 FE Plus (WI-FI+ 8GB RAM + 128GB),samsung,android,Exynos,Exynos 1580,8,2.9,0,0,0,0,8,128,10090,45,13.1,Standard (4:3 or 5:4),3K,90,259.25,1,13,1,12,2048,82,4.2,55999
Samsung Galaxy Tab S10 Ultra Tablet 5G,samsung,android,Dimensity,Dimensity 9300 Plus,8,3.25,1,1,0,0,12,256,11200,45,14.6,Standard (4:3 or 5:4),WQHD+,120,239.01,2,13,2,12,1,94,4.45,122999
Samsung Galaxy Tab S10 FE (WI-FI+ 8GB RAM + 128GB),samsung,android,Exynos,Exynos 1580,8,2.9,0,0,0,0,8,128,8000,45,10.9,Standard (4:3 or 5:4),2K,90,249.26,1,13,1,12,2048,78,4.6,41999
Samsung Galaxy Tab S10 Ultra Tablet 5G (12GB+512GB),samsung,android,Dimensity,Dimensity 9300 Plus,8,3.25,1,1,0,0,12,512,11200,45,14.6,Standard (4:3 or 5:4),WQHD+,120,239.01,2,13,2,12,1,95,4.25,133999
Samsung Galaxy Tab S10 Plus,samsung,android,Dimensity,Dimensity 9300 Plus,8,3.25,1,1,0,0,12,256,10090,45,12.4,Standard (4:3 or 5:4),3K,120,266.37,2,13,1,12,1536,95,4.4,104999
Samsung Galaxy Tab A9 Plus Tablet (Wi-Fi + 4GB RAM + 64GB),samsung,android,Snapdragon,Snapdragon 695,8,2.2,0,0,0,0,4,64,7040,15,11,Standard (4:3 or 5:4),HD+,90,205.83,1,8,1,5,1024,67,4.25,15849
Samsung Galaxy Tab A9 Tablet (Wi-Fi Only),samsung,android,Helio,Helio G99,8,2.2,0,0,0,0,4,64,5100,15,8.7,Standard (4:3 or 5:4),SD,60,179.38,1,8,1,2,1024,63,4.55,12999
Samsung Galaxy Tab S9 Tablet (Wi-Fi+12GB+256GB),samsung,android,Snapdragon,Snapdragon 8 Gen2,8,3.2,0,0,0,0,12,256,8400,45,11,Standard (4:3 or 5:4),WQXGA,120,274.44,1,13,1,12,1024,84,4.25,69798
Samsung Galaxy Tab S9 Ultra Tablet,samsung,android,Snapdragon,Snapdragon 8 Gen2,8,3.2,1,1,0,0,12,256,11200,45,14.6,Standard (4:3 or 5:4),WQHD+,120,239.01,2,13,2,12,1024,95,4.1,94999
Samsung Galaxy Tab S10 FE (WI-FI+ 12GB RAM + 256GB),samsung,android,Exynos,Exynos 1580,8,2.9,0,0,0,0,12,256,8000,45,10.9,Standard (4:3 or 5:4),2K,90,249.26,1,13,1,12,2048,81,4.45,53998
Samsung Galaxy Tab S10 FE Plus (12GB RAM + 256GB + 5G),samsung,android,Exynos,Exynos 1580,8,2.9,1,1,0,0,12,256,10090,45,13.1,Standard (4:3 or 5:4),3K,90,259.25,1,13,1,12,2048,95,4.25,73999
Samsung Galaxy Tab S10 FE Plus (WI-FI+ 12GB RAM + 256GB),samsung,android,Exynos,Exynos 1580,8,2.9,0,0,0,0,12,256,10090,45,13.1,Standard (4:3 or 5:4),3K,90,259.25,1,13,1,12,2048,84,4.25,64999
Samsung Galaxy Tab S9 FE Plus (Wi-Fi Only+12GB RAM + 256GB),samsung,android,Exynos,Exynos 1380,8,2.4,0,0,0,0,12,256,10090,45,12.4,Standard (4:3 or 5:4),WQXGA,120,243.46,2,8,1,12,1024,82,4,48798
Samsung Galaxy Tab S9 Tablet (5G+12GB+256GB),samsung,android,Snapdragon,Snapdragon 8 Gen2,8,3.2,1,1,0,0,12,256,8400,45,11,Standard (4:3 or 5:4),WQXGA,120,274.44,1,13,1,12,1024,94,4.3,81848
Samsung Galaxy Tab S9 Plus Tablet (Wi-Fi+12GB+256GB),samsung,android,Snapdragon,Snapdragon 8 Gen2,8,3.2,0,0,0,0,12,256,10090,45,12.4,Standard (4:3 or 5:4),3K,120,266.37,2,13,1,12,1024,87,4.25,81999
Samsung Galaxy Tab S9 Tablet (Wi-Fi+8GB+128GB),samsung,android,Snapdragon,Snapdragon 8 Gen2,8,3.2,0,0,0,0,8,128,8400,45,11,Standard (4:3 or 5:4),WQXGA,120,274.44,1,13,1,12,1024,83,4.35,72999
Samsung Galaxy Tab S9 Tablet,samsung,android,Snapdragon,Snapdragon 8 Gen2,8,3.2,1,1,0,0,8,128,8400,45,11,Standard (4:3 or 5:4),WQXGA,120,274.44,1,13,1,12,1024,93,4.45,85999
Samsung Galaxy Tab A7 Lite,samsung,android,Helio,Helio P22T,8,2.4,1,0,0,0,3,32,5100,15,8.7,Standard (4:3 or 5:4),SD,60,179.38,1,8,1,2,1024,67,4.5,10939
Samsung Galaxy Tab A7 2020,samsung,android,Snapdragon,Snapdragon 662,8,2,1,0,0,0,3,32,7040,1,10.4,Standard (4:3 or 5:4),HD+,60,224.27,1,8,1,5,1024,72,4.45,10899
Samsung Galaxy Tab S10 FE (5G+ 12GB RAM + 256GB),samsung,android,Exynos,Exynos 1580,8,2.9,1,1,0,0,12,256,8000,45,10.9,Standard (4:3 or 5:4),2K,90,249.26,1,13,1,12,2048,91,4,61999
Samsung Galaxy Tab S10 Plus (Wi-Fi+12GB RAM + 256GB),samsung,android,Dimensity,Dimensity 9300 Plus,8,3.25,0,0,0,0,12,256,10090,45,12.4,Standard (4:3 or 5:4),3K,120,266.37,2,13,1,12,1536,86,4.25,90999
Samsung Galaxy Tab S10 Ultra Tablet (12GB+512GB+Wi-Fi),samsung,android,Dimensity,Dimensity 9300 Plus,8,3.25,0,0,0,0,12,512,11200,45,14.6,Standard (4:3 or 5:4),WQHD+,120,239.01,2,13,2,12,1,88,4.15,119999
Samsung Galaxy Tab S10 Ultra Tablet (Wi-Fi+12GB+256GB),samsung,android,Dimensity,Dimensity 9300 Plus,8,3.25,0,0,0,0,12,256,11200,45,14.6,Standard (4:3 or 5:4),WQHD+,120,239.01,2,13,2,12,1,87,4.5,108999
Samsung Galaxy Tab S10 Tablet,samsung,android,Dimensity,Dimensity 9300 Plus,8,NULL,1,1,0,0,8,128,9400,45,11.5,Standard (4:3 or 5:4),WQXGA,120,262.51,1,16,1,12,1024,81,4.1,89999
Samsung Galaxy Tab A9 Kids Edition Tablet,samsung,android,Helio,Helio G99,8,2.2,1,0,0,0,4,64,5100,15,8.7,Standard (4:3 or 5:4),SD,60,179.38,1,8,1,2,1024,70,4.55,16990
Samsung Galaxy Tab Active 5 Pro,samsung,android,Snapdragon,Snapdragon 7s Gen3,8,2.5,1,1,1,0,6,128,10100,0,10.1,Widescreen (16:10),HD+,60,224.17,1,12,1,8,1,86,4.35,78999
Samsung Galaxy Tab S9 FE (Wi-Fi Only + 8GB RAM + 256GB),samsung,android,Exynos,Exynos 1380,8,2.4,0,0,0,0,8,256,8000,45,10.9,Standard (4:3 or 5:4),2K,90,249.26,1,8,1,12,1024,77,4.2,36499
Samsung Galaxy Tab S9 FE (5G + 8GB RAM + 256GB),samsung,android,Exynos,Exynos 1380,8,2.4,1,1,0,0,8,256,8000,45,10.9,Standard (4:3 or 5:4),2K,90,249.26,1,8,1,12,1024,87,4.1,48798
Samsung Galaxy Tab S9 FE Plus (12GB RAM + 256GB),samsung,android,Exynos,Exynos 1380,8,2.4,1,1,0,0,12,256,10090,45,12.4,Standard (4:3 or 5:4),WQXGA,120,243.46,2,8,1,12,1024,92,4.15,64999
Samsung Galaxy Tab S9 Ultra 2023 Tablet (Wi-Fi+12GB+256GB),samsung,android,Snapdragon,Snapdragon 8 Gen2,8,3.2,0,0,0,0,12,256,11200,45,14.6,Standard (4:3 or 5:4),WQHD+,120,239.01,2,13,2,12,1024,87,4,98999
Samsung Galaxy Tab S6 Lite 2022 Tablet (128GB),samsung,android,Snapdragon,Snapdragon 720G,8,2.3,1,0,0,0,4,128,7040,15,10.4,Standard (4:3 or 5:4),HD+,60,224.27,1,8,1,5,1,78,4.2,34999
Samsung Galaxy Tab S6 Lite 2022 Tablet,samsung,android,Snapdragon,Snapdragon 720G,8,2.3,1,0,0,0,4,64,7040,15,10.4,Standard (4:3 or 5:4),HD+,60,224.27,1,8,1,5,1,76,4.65,27490
Samsung Galaxy Tab A8 10.5 2021 Tablet (4GB RAM + 64GB),samsung,android,Tiger,Tiger T618,8,2,1,0,0,0,4,64,7040,15,10.5,Standard (4:3 or 5:4),HD+,60,215.63,1,8,1,5,1024,74,4.3,14999
Samsung Galaxy Tab S8 FE,samsung,android,Other,Other,8,2.6,1,0,0,0,4,64,10000,55,12.4,Standard (4:3 or 5:4),WQXGA,60,243.46,1,13,1,5,1024,81,4.75,39990
Samsung Galaxy Tab S7 FE,samsung,android,Snapdragon,Snapdragon 750G,8,2.2,1,0,0,0,4,64,10090,45,12.4,Standard (4:3 or 5:4),WQXGA,60,243.46,1,8,1,5,1024,81,4.35,42999
Samsung Galaxy Tab S8 Plus 5G Tablet,samsung,android,Snapdragon,Snapdragon 8 Gen1,8,3,1,1,0,0,8,128,10090,45,12.4,Standard (4:3 or 5:4),3K,120,266.37,2,13,1,12,1024,93,4,83999
Samsung Galaxy Tab S7 Plus,samsung,android,Snapdragon,Snapdragon 865+,8,3.09,1,0,0,0,6,128,10090,45,12.4,Widescreen (16:10),3K,120,266.37,2,13,1,8,1024,91,4.75,83999
Samsung Galaxy Tab A 10.1 (WiFi + 32GB),samsung,android,Exynos,Exynos 7904,8,1.8,0,0,0,0,2,32,6150,45,10.1,Standard (4:3 or 5:4),HD+,60,224.17,1,8,1,5,32,59,4.7,10999
Samsung Galaxy Tab A 8.0 (2019),samsung,android,Exynos,Exynos 7904,8,1.8,1,0,0,0,2,32,5100,0,8,Widescreen (16:10),SD,60,188.68,1,8,1,5,512,62,4.05,9800
Samsung Galaxy Tab 4 10.1 SM-T531 (WiFi+3G+16GB),samsung,android,NULL,NULL,4,1.2,1,0,0,0,1.5,16,7000,0,10.1,Standard (4:3 or 5:4),SD,60,149.45,1,3,1,1.3,64,54,4.2,55986
Samsung Galaxy Tab S6 Lite 2024,samsung,android,NULL,NULL,8,NULL,1,0,0,0,4,64,7040,15,10.4,Standard (4:3 or 5:4),HD+,60,224.27,1,8,1,5,1,63,4.1,35999
Samsung Galaxy Tab Active 5,samsung,android,NULL,NULL,8,NULL,1,1,1,0,6,128,5050,0,8,Widescreen (16:10),HD+,60,283.02,1,13,1,5,64,75,4.7,39999
Samsung Galaxy Tab S8 Ultra Tablet (Wi-Fi Only),samsung,android,Snapdragon,Snapdragon 8 Gen1,8,3,0,0,0,0,12,256,11200,45,14.6,Standard (4:3 or 5:4),WQHD+,120,239.01,2,13,2,12,1024,87,4.25,102105
Samsung Galaxy Tab S7 Lite,samsung,android,Exynos,Exynos 1280,8,2.4,1,1,0,0,6,128,8000,45,11,Standard (4:3 or 5:4),WQXGA,120,274.44,2,13,1,8,1024,90,4.55,54999
Samsung Galaxy Tab S9 Plus,samsung,android,Snapdragon,Snapdragon 8 Gen2,8,3.2,1,1,0,0,12,256,10090,45,12.4,Standard (4:3 or 5:4),3K,120,266.37,2,13,1,12,1024,95,4.3,97999
Samsung Galaxy Tab S8 5G Tablet,samsung,android,Snapdragon,Snapdragon 8 Gen1,8,3,1,1,0,0,8,128,8000,45,11,Standard (4:3 or 5:4),WQXGA,120,274.44,2,13,1,12,1024,92,4.75,39999
Samsung Galaxy Tab S9 Ultra Tablet (5G + 12GB + 512GB),samsung,android,Snapdragon,Snapdragon 8 Gen2,8,3.2,1,1,0,0,12,512,11200,45,14.6,Standard (4:3 or 5:4),WQHD+,120,239.01,2,13,2,12,1024,97,4.45,114498
Samsung Galaxy Tab S6 Lite Tablet (Wi-Fi +4GB+128GB),samsung,android,Snapdragon,Snapdragon 720G,8,2.3,0,0,0,0,4,128,7040,15,10.4,Standard (4:3 or 5:4),HD+,60,224.27,1,8,1,5,1,70,4.2,25990
Samsung Galaxy Tab S6 Lite 2022 Tablet (Wi-Fi Only),samsung,android,Snapdragon,Snapdragon 720G,8,2.3,0,0,0,0,4,64,7040,15,10.4,Standard (4:3 or 5:4),HD+,60,224.27,1,8,1,5,1,68,4.6,25277
Samsung Galaxy Tab A8 10.5 2021 Tablet (Wi-Fi Only),samsung,android,Tiger,Tiger T618,8,2,0,0,0,0,3,32,7040,15,10.5,Standard (4:3 or 5:4),HD+,60,215.63,1,8,1,5,1024,64,4.1,24500
Samsung Galaxy Tab S7 FE (Wi-Fi Only),samsung,android,Snapdragon,Snapdragon 778G,8,2.4,0,0,0,0,4,64,10090,45,12.4,Standard (4:3 or 5:4),WQXGA,60,243.46,1,8,1,5,1024,73,4.55,37698
Samsung Galaxy Tab S7 FE (6GB RAM + 128GB),samsung,android,Snapdragon,Snapdragon 750G,8,2.2,1,0,0,0,6,128,10090,45,12.4,Standard (4:3 or 5:4),WQXGA,60,243.46,1,8,1,5,1024,83,4.1,38999
Samsung Galaxy Tab A7 Lite (Wi-Fi Only),samsung,android,Helio,Helio P22T,8,2.4,0,0,0,0,3,32,5100,15,8.7,Standard (4:3 or 5:4),SD,60,179.38,1,8,1,2,1024,62,4.6,8999
Samsung Galaxy Tab S7 FE 5G,samsung,android,Snapdragon,Snapdragon 750G,8,2.2,1,1,0,0,4,64,10090,45,12.4,Standard (4:3 or 5:4),WQXGA,60,243.46,1,8,1,5,1024,82,4.05,55999
Samsung Galaxy Tab A7 2020 (Wi-Fi + 64GB),samsung,android,Snapdragon,Snapdragon 662,8,2,0,0,0,0,3,64,7040,1,10.4,Standard (4:3 or 5:4),HD+,60,224.27,1,8,1,5,1024,66,4.2,13771
Samsung Galaxy Tab S7 Plus (Wi-Fi Only),samsung,android,Snapdragon,Snapdragon 865+,8,3.09,0,0,0,0,6,128,10090,45,12.4,Widescreen (16:10),3K,120,266.37,2,13,1,8,1024,82,4.7,70199
Samsung Galaxy Tab A7 2020 (Wi-Fi Only),samsung,android,Snapdragon,Snapdragon 662,8,2,0,0,0,0,3,32,7040,1,10.4,Standard (4:3 or 5:4),HD+,60,224.27,1,8,1,5,1024,63,4.6,11999
Samsung Galaxy Tab S7,samsung,android,Snapdragon,Snapdragon 865+,8,3.09,1,0,0,0,6,128,8000,45,11,Standard (4:3 or 5:4),WQXGA,120,274.44,2,13,1,8,1024,90,4.15,35999
Samsung Galaxy Tab S6 Lite (Wi-Fi Only),samsung,android,Exynos,Exynos 9611,8,2.3,0,0,0,0,4,64,7040,15,10.4,Standard (4:3 or 5:4),HD+,60,224.27,1,8,1,5,1024,68,4.7,22999
Samsung Galaxy Tab S6 Lite,samsung,android,Exynos,Exynos 9611,8,2.3,1,0,0,0,4,64,7040,15,10.4,Standard (4:3 or 5:4),HD+,60,224.27,1,8,1,5,1024,74,4.15,28847
Samsung Galaxy Tab A4 S Tablet,samsung,android,Exynos,Exynos 7904,8,1.8,1,0,0,0,3,32,6150,45,10.1,Standard (4:3 or 5:4),HD+,60,224.17,1,12,1,8,400,70,4.25,24999
Samsung Galaxy Tab A 8.0 2019 ( Wi-Fi + 32GB),samsung,android,Exynos,Exynos 7904,8,1.8,0,0,0,0,2,32,5100,0,8,Widescreen (16:10),SD,60,188.68,1,8,1,5,512,54,4.7,36323
Samsung Galaxy Tab S5e,samsung,android,Snapdragon,Snapdragon 670,8,2,1,0,0,0,4,64,7040,0,10.5,Standard (4:3 or 5:4),WQXGA,60,287.51,1,13,1,8,512,78,4.5,39990
Samsung Galaxy Tab S4 10.5 (WiFi+4G+64GB),samsung,android,Snapdragon,Snapdragon 835,8,2.35,1,0,0,0,4,64,7300,1,10.5,Standard (4:3 or 5:4),WQXGA,60,287.51,1,13,1,8,512,83,4.3,34990
Samsung Galaxy Tab A 7.0,samsung,android,NULL,NULL,4,1.5,1,0,0,0,1.5,8,4000,0,7,Standard (4:3 or 5:4),SD,60,215.63,1,5,1,2,1,51,4.3,9490
Samsung Galaxy Tab Iris,samsung,android,NULL,NULL,4,1.2,1,0,0,0,1.5,8,3600,0,7,Widescreen (16:10),SD,60,169.55,1,5,0,NULL,1,44,4.1,13499
Samsung SM-T561NZKAINS Tablet (WiFi+3G+8GB),samsung,android,NULL,NULL,4,1.3,1,0,0,0,1.5,8,5000,0,9.6,Widescreen (16:10),SD,60,157.23,1,5,1,2,128,46,4.45,16700
Samsung Galaxy Tab 3V T116 (WiFi+3G+8GB),samsung,android,NULL,NULL,4,1.3,1,0,0,0,1,8,3600,0,7,Standard (4:3 or 5:4),SD,60,169.55,1,2,1,2,32,45,4.6,5999
Samsung Galaxy Tab 4 7.0 T231 (WiFi+3G+8GB),samsung,android,Other,Other,4,1.2,1,0,0,0,1.5,8,4000,0,7,Standard (4:3 or 5:4),SD,60,215.63,1,3.15,1,1.3,32,50,4.5,5994
Samsung Galaxy Tab 3 10.1 P5210,samsung,android,NULL,NULL,2,1.6,0,0,0,0,1,32,6800,0,10.1,Widescreen (16:10),SD,60,149.45,1,3.15,1,1.3,64,53,3.95,65285
Samsung Galaxy Note 8.0 N5100 (WiFi+3G+16GB),samsung,android,NULL,NULL,4,1.6,1,0,0,0,2,16,4600,0,8,Standard (4:3 or 5:4),SD,60,188.68,1,5,1,1.3,64,57,4.3,7990
Samsung Galaxy Tab 2 10.1 P5100 WiFi+3G (16GB),samsung,android,NULL,NULL,2,1,1,0,0,0,1,16,7000,0,10.1,Standard (4:3 or 5:4),SD,60,149.45,1,3.15,1,0.3,32,51,4.3,27900
Samsung Galaxy Tab 2 7.0 P3100 WiFi+3G (16GB),samsung,android,NULL,NULL,2,1,1,0,0,0,1,16,4000,0,7,Standard (4:3 or 5:4),SD,60,169.55,1,3.15,1,0.3,32,48,4.4,15998
Samsung P7500 Galaxy Tab 10.1 WiFi+3G (16GB),samsung,android,NULL,NULL,2,1,1,0,0,0,1,16,7000,0,10.1,Standard (4:3 or 5:4),SD,60,149.45,1,3.15,1,2,0,50,4.1,29500
Samsung Galaxy Note 10.1 N8000 (16GB),samsung,android,NULL,NULL,4,1.4,1,0,0,0,2,16,7000,0,10.1,Standard (4:3 or 5:4),SD,60,149.45,1,5,1,1.9,64,56,4.2,8000
Samsung Galaxy Tab P1000,samsung,android,NULL,NULL,1,1,1,0,0,0,0.5,32,4000,0,7,Standard (4:3 or 5:4),SD,60,169.55,1,3.15,1,1.3,32,49,4.1,24990
Samsung Galaxy Tab A7 Lite Kids Edition,samsung,android,Helio,Helio P22T,8,2.4,1,0,0,0,3,32,5100,15,8.7,Standard (4:3 or 5:4),SD,60,179.38,1,8,1,2,1024,66,4.55,8999
Samsung Galaxy Tab S8 Ultra Tablet (WiFi + 128GB),samsung,android,Snapdragon,Snapdragon 8 Gen1,8,3,0,0,0,0,8,128,11200,45,14.6,Standard (4:3 or 5:4),WQHD+,120,239.01,2,13,2,12,1024,84,4.55,98900
Samsung Galaxy Tab Active Pro,samsung,android,Snapdragon,Snapdragon 670,8,2,1,0,1,0,4,64,7600,15,10.1,Widescreen (16:10),HD+,60,224.17,1,13,1,8,1,79,4.25,122846
Samsung Galaxy Tab Active 4 Pro,samsung,android,Snapdragon,Snapdragon 778G,8,2.4,1,1,1,0,4,64,7600,0,10.1,Standard (4:3 or 5:4),HD+,60,224.17,1,13,1,8,1044.48,83,4.6,49990
Samsung Galaxy Tab S8 Tablet (Wi-Fi Only),samsung,android,Snapdragon,Snapdragon 8 Gen1,8,3,0,0,0,0,8,128,8000,45,11,Standard (4:3 or 5:4),WQXGA,120,274.44,2,13,1,12,1024,79,4.65,46990
Samsung Galaxy Tab A8 10.5 2021 Tablet (Wi-Fi + 64GB),samsung,android,Tiger,Tiger T618,8,2,0,0,0,0,4,64,7040,15,10.5,Standard (4:3 or 5:4),HD+,60,215.63,1,8,1,5,1024,66,4.3,12794
Samsung Galaxy Tab A Kids,samsung,android,NULL,NULL,8,2.3,0,0,0,0,3,32,5100,0,8.7,Standard (4:3 or 5:4),SD,60,179.38,1,8,1,2,1024,56,4.6,14990
Samsung Galaxy Tab A8 10.5 2021 Tablet,samsung,android,Tiger,Tiger T618,8,2,1,0,0,0,3,32,7040,15,10.5,Standard (4:3 or 5:4),HD+,60,215.63,1,8,1,5,1024,72,4.4,14999
Samsung Galaxy Tab S7 Plus Lite,samsung,android,Snapdragon,Snapdragon 750G,8,2.2,1,1,0,0,4,128,10090,45,12.4,Widescreen (16:10),3K,120,266.37,2,13,1,8,1024,90,4.3,64990
Samsung Galaxy Tab S7 XL Lite,samsung,android,Snapdragon,Snapdragon 750G,8,2.2,1,1,0,0,6,128,8000,45,12.1,Standard (4:3 or 5:4),WQXGA,120,249.49,2,13,1,8,1024,90,4.1,59999
Samsung Galaxy Tab A 10.1 2021 Tablet,samsung,android,Exynos,Exynos 7904,8,1.8,1,0,0,0,3,32,6150,45,10.1,Standard (4:3 or 5:4),HD+,60,224.17,1,8,1,5,400,70,4.55,19990
Samsung Galaxy Tab Active 3 (Wi-Fi Only),samsung,android,Exynos,Exynos 9810,8,2.7,0,0,0,0,4,64,5050,0,8,Standard (4:3 or 5:4),HD+,60,283.02,1,13,1,5,1,70,4.35,34999
Samsung Galaxy Tab M62,samsung,android,Exynos,Exynos 9825,8,2.73,0,0,0,0,6,128,7000,25,8,Standard (4:3 or 5:4),HD+,60,275.36,1,13,1,5,256,68,4.65,24999
Samsung Galaxy Tab Active 3,samsung,android,Exynos,Exynos 9810,8,2.7,1,0,0,0,4,64,5050,0,8,Standard (4:3 or 5:4),HD+,60,283.02,1,13,1,5,1,78,4.4,42999
Samsung Galaxy Tab S7 (Wi-Fi Only),samsung,android,Snapdragon,Snapdragon 865+,8,3.09,0,0,0,0,6,128,8000,45,11,Standard (4:3 or 5:4),WQXGA,120,274.44,2,13,1,8,1024,81,4.7,55999
Samsung Galaxy Tab A 8.4 (2020),samsung,android,Exynos,Exynos 7904,8,1.8,1,0,0,0,3,64,5100,0,8.4,Standard (4:3 or 5:4),HD+,60,269.54,1,8,1,5,256,70,4.6,20487
Samsung Galaxy Tab S6 5G,samsung,android,Snapdragon,Snapdragon 855+,8,2.96,1,1,0,0,6,128,7040,0,10.5,Standard (4:3 or 5:4),WQXGA,60,287.51,2,13,1,8,1024,90,4.65,64990
Samsung Galaxy Tab S5e Tablet (WiFi + 64GB),samsung,android,Snapdragon,Snapdragon 670,8,2,0,0,0,0,4,64,7040,0,10.5,Standard (4:3 or 5:4),WQXGA,60,287.51,1,13,1,8,512,72,4.1,30990
Samsung Galaxy View 2,samsung,android,Exynos,Exynos 7885,8,2.2,1,0,0,0,3,64,12000,0,17.3,Standard (4:3 or 5:4),HD+,60,127.34,0,NULL,1,5,NULL,72,4.6,42900
Samsung Galaxy Tab A 10.1 (2019),samsung,android,Exynos,Exynos 7904,8,1.8,1,0,0,0,2,32,6150,45,10.1,Standard (4:3 or 5:4),HD+,60,224.17,1,8,1,5,400,68,4.65,11499
Samsung Galaxy Tab A 10.5,samsung,android,Snapdragon,Snapdragon 450,8,1.8,1,0,0,0,3,32,7300,0,10.5,Widescreen (16:10),HD+,60,215.63,1,8,1,5,400,70,4.4,24990
Samsung Galaxy Tab A 8.0 (2017),samsung,android,Snapdragon,Snapdragon MSM8917,4,1.4,1,0,0,0,2,16,5000,0,8,Standard (4:3 or 5:4),SD,60,188.68,1,8,1,5,1,56,4.35,15999
Samsung Galaxy J Max Tablet,samsung,android,Other,Other,4,1.5,1,0,0,0,1.5,8,4000,0,7,Widescreen (16:10),SD,60,215.63,1,8,1,2,256,57,4.4,6299
Samsung Galaxy Tab A 10.1 (2016) (WiFi Only),samsung,android,Exynos,Exynos 7870,8,1.6,1,0,0,0,2,16,7300,0,10.1,Standard (4:3 or 5:4),HD+,60,224.17,1,8,1,2,NULL,57,4.3,21999
Samsung Galaxy Tab A 9.7,samsung,android,NULL,NULL,4,1.2,1,0,0,0,2,16,6000,0,9.69,Standard (4:3 or 5:4),SD,60,132.09,1,5,1,2,128,56,4.4,39557
"Samsung Galaxy Tab 3 Lite SM-T113 (7inch,8GB,Wi-Fi)",samsung,android,Other,Other,2,1.2,0,0,0,0,1,8,3600,0,7,Standard (4:3 or 5:4),SD,60,169.55,1,2,0,NULL,32,40,4.7,9999
Samsung Galaxy Tab S2 8.0(WiFi+3G+32GB),samsung,android,NULL,NULL,8,1.9,1,0,0,0,3,32,4000,0,8,Standard (4:3 or 5:4),WQXGA,60,320,1,8,1,2.1,128,70,4.2,39999
Samsung Galaxy Tab A 8.0,samsung,android,NULL,NULL,4,1.2,1,0,0,0,1.5,16,4200,0,8,Standard (4:3 or 5:4),SD,60,160,1,5,1,2,128,49,4.25,14999
Samsung Galaxy Tab 750 (WiFi+3G+16GB),samsung,android,NULL,NULL,2,1,1,0,0,0,1,16,7000,0,10.1,Widescreen (16:10),SD,60,149.45,1,3,1,2,NULL,50,4.2,36200
Samsung Galaxy Tab 3 Lite 7.0 SM-T110,samsung,android,Other,Other,2,1.2,0,0,0,0,1,8,3600,0,7,Standard (4:3 or 5:4),SD,60,169.55,1,2,0,NULL,32,42,4.5,20019
Samsung Galaxy Tab S 10.5 (WiFi+3G+16GB),samsung,android,NULL,NULL,4,2.3,1,0,0,0,3,16,7900,0,10.5,Standard (4:3 or 5:4),WQXGA,60,287.51,1,8,1,2.1,128,67,4.3,35000
Samsung Galaxy Tab Pro 12.2 (WiFi+32GB),samsung,android,Exynos,Exynos 5420,4,1.9,0,0,0,0,3,32,9500,0,12.2,Widescreen (16:10),WQXGA,60,247.45,1,8,1,2,NULL,66,3.95,49600
Samsung Galaxy Tab S 8.4 (WiFi+16GB),samsung,android,Exynos,Exynos A15,8,1.3,0,0,0,0,3,16,4900,0,8.4,Standard (4:3 or 5:4),WQXGA,60,359.39,1,8,1,2.1,128,62,3.2,19999
Samsung Galaxy Tab Pro 8.4 (WiFi+16GB),samsung,android,Snapdragon,Snapdragon 800,4,2.3,0,0,0,0,2,16,4800,0,8.4,Standard (4:3 or 5:4),WQXGA,60,359.39,1,8,1,2,64,62,4.45,30950
Samsung Galaxy Tab S 10.5 (WiFi+16GB),samsung,android,Exynos,Exynos A15,8,1.3,0,0,0,0,3,16,7900,0,10.5,Standard (4:3 or 5:4),WQXGA,60,287.51,1,8,1,2.1,128,63,4.15,32999
Samsung Galaxy Tab Pro 10.1 (WiFi+16GB),samsung,android,Exynos,Exynos 5420,4,1.9,0,0,0,0,2,16,8220,0,10.1,Widescreen (16:10),WQXGA,60,298.9,1,8,1,2,64,62,3.55,37650
Samsung Galaxy Note Pro 12.2 SM-P900 (WiFi+64GB),samsung,android,NULL,NULL,4,2.3,1,0,0,0,3,64,9500,0,12.2,Standard (4:3 or 5:4),WQXGA,60,247.45,1,8,1,2,64,74,3.55,45299
Samsung Galaxy Note Pro 12.2 SM-P900 (WiFi+32GB),samsung,android,NULL,NULL,4,2.3,1,0,0,0,3,32,9500,0,12.2,Standard (4:3 or 5:4),WQXGA,60,247.45,1,8,1,2,64,74,3.7,58950
Samsung Galaxy Tab 4 8.0 SM-T331 (WiFi+3G+16GB),samsung,android,NULL,NULL,4,1.2,1,0,1,0,1.5,16,4450,0,8,Standard (4:3 or 5:4),SD,60,188.68,1,3.15,1,1.3,64,55,4.2,19999
Samsung W Tab,samsung,android,NULL,NULL,4,1.2,1,0,0,0,1.5,16,3200,0,7,Standard (4:3 or 5:4),SD,60,209.8,1,8,1,2,64,55,4.6,27000
Samsung Galaxy Tab S 8.4 (WiFi+3G+16GB),samsung,android,Snapdragon,Snapdragon 5420,4,2.3,1,0,0,0,3,16,4900,0,8.4,Standard (4:3 or 5:4),WQXGA,60,359.39,1,8,1,2.1,128,70,4.75,32750
Samsung Galaxy Tab 4 10.1,samsung,android,NULL,NULL,4,1.2,0,0,0,0,1.5,16,6800,0,10.1,Widescreen (16:10),SD,60,149.45,1,3.15,1,1.3,64,49,3.15,24999
Samsung Galaxy Tab 3 Neo SM-T111 (WiFi+3G+8GB),samsung,android,Other,Other,2,1.2,1,0,0,0,1,8,3600,0,7,Standard (4:3 or 5:4),SD,60,169.55,1,2,0,NULL,32,43,4.35,5999
Samsung Galaxy Tab 4 7.0,samsung,android,NULL,NULL,4,1.2,0,0,0,0,1.5,8,4000,0,7,Standard (4:3 or 5:4),SD,60,215.63,1,3.15,1,1.3,32,46,4.3,16900
Samsung Galaxy Tab 4 8.0,samsung,android,NULL,NULL,4,1.2,0,0,0,0,1.5,16,4450,0,8,Standard (4:3 or 5:4),SD,60,188.68,1,3.15,1,1.3,64,48,4.3,19999
Samsung Galaxy Note Pro 12.2 SM-P9010 (WiFi+3G+32GB),samsung,android,Exynos,Exynos 5420,4,1.9,1,0,0,0,3,32,9500,0,12.2,Widescreen (16:10),WQXGA,60,247.45,1,8,1,2,64,70,4.15,29999
Samsung Galaxy Tab 3 Lite 7.0 3G,samsung,android,Other,Other,2,1.2,1,0,0,0,1,8,3600,0,7,Standard (4:3 or 5:4),SD,60,169.55,1,2,0,NULL,32,44,4.55,14999
Samsung Galaxy Tab Pro 12.2 LTE,samsung,android,Snapdragon,Snapdragon 800,4,2.3,1,0,0,0,3,64,9500,0,12.2,Widescreen (16:10),WQXGA,60,247.45,1,8,1,2,64,75,4.1,49000
Samsung Galaxy Tab Pro 10.1 LTE,samsung,android,Snapdragon,Snapdragon 800,4,2.3,1,0,0,0,2,32,8220,0,10.1,Widescreen (16:10),WQXGA,60,298.9,1,8,1,2,64,72,4.4,40999
Samsung Galaxy Note Pro 12.2 LTE,samsung,android,Snapdragon,Snapdragon 800,4,2.3,1,0,0,0,3,32,9500,0,12.2,Widescreen (16:10),WQXGA,60,247.45,1,8,1,2,64,73,4.15,29999
"Samsung Galaxy Note 10.1 6010 SM-P601 (2014 Edition, 3G+32GB)",samsung,android,NULL,NULL,4,1.9,1,0,0,0,3,32,8220,0,10.1,Widescreen (16:10),WQXGA,60,298.9,1,8,1,2,64,71,4.25,47900
Samsung Galaxy Tab 3 8.0 310 T3100 (WiFi+16GB),samsung,android,NULL,NULL,2,1.5,1,0,0,0,1.5,16,4450,0,8,Standard (4:3 or 5:4),SD,60,188.68,1,5,1,1.3,64,50,4.15,12999
Samsung Galaxy Tab 3 8.0 311 T3110 (WiFi+3G+16GB),samsung,android,NULL,NULL,2,1.5,1,0,0,0,1.5,16,4450,0,8,Standard (4:3 or 5:4),SD,60,188.68,1,5,1,1.3,64,53,4.35,12999
Samsung Galaxy Tab 3 10.1 P5220,samsung,android,NULL,NULL,2,1.6,1,0,0,0,1,32,6800,0,10.1,Widescreen (16:10),SD,60,149.45,1,3.15,1,1.3,64,54,4.5,25000
Samsung Galaxy Tab 3 10.1 P5200,samsung,android,NULL,NULL,2,1.6,1,0,0,0,1,16,6800,0,10.1,Widescreen (16:10),SD,60,149.45,1,3.15,1,1.3,64,50,4.45,15999
Samsung Google Nexus 10 P8110 (16GB),samsung,android,NULL,NULL,2,1.7,0,0,1,0,2,16,9000,0,10.1,Widescreen (16:10),WQXGA,60,298.9,1,5,1,1.9,0,58,4.2,28990
Samsung Google Nexus 10 P8110 (32GB),samsung,android,NULL,NULL,2,1.7,0,0,1,0,2,32,9000,0,10.1,Widescreen (16:10),WQXGA,60,298.9,1,5,1,1.9,0,60,4.2,34840
Samsung Galaxy Tab 3 7.0 211 T2110 (WiFi+3G+8GB),samsung,android,NULL,NULL,2,1.2,1,0,0,0,1,8,4000,0,7,Standard (4:3 or 5:4),SD,60,169.55,1,3.15,1,1.3,32,44,4.35,6800
Samsung Galaxy Tab 3 7.0 210 T2100 (WiFi+8GB),samsung,android,NULL,NULL,2,1.2,0,0,0,0,1,8,4000,0,7,Standard (4:3 or 5:4),SD,60,169.55,1,3.15,1,1.3,64,41,3.2,9999
Samsung Galaxy Tab 8.9 P7300 (16GB),samsung,android,NULL,NULL,2,1,1,0,0,0,1,16,6000,0,8.9,Standard (4:3 or 5:4),SD,60,169.6,1,3.15,1,2,0,47,4.1,18500
Samsung P6200 Galaxy Tab 7.0 Plus (16GB),samsung,android,NULL,NULL,2,1.2,1,0,0,0,1,16,4000,0,7,Standard (4:3 or 5:4),SD,60,169.55,1,3.15,1,2,64,50,4.45,14999
Samsung P6800 Galaxy Tab 7.7 (16GB),samsung,android,NULL,NULL,2,1.4,1,0,0,0,1,16,5100,0,7.7,Standard (4:3 or 5:4),SD,60,196.03,1,3.15,1,2,32,54,4.25,35600
Samsung Galaxy Tab 2 7.0 P3110 WiFi (16GB),samsung,android,NULL,NULL,2,1,0,0,0,0,1,16,4000,0,7,Standard (4:3 or 5:4),SD,60,169.55,1,3.15,1,0.3,64,43,4.15,6990
Samsung P1010 Galaxy Tab WiFi,samsung,android,NULL,NULL,1,1,0,0,0,0,0.58,16,4000,0,7,Standard (4:3 or 5:4),SD,60,169.55,1,3.15,1,1.3,32,41,3.9408326172428945,16904
Samsung Galaxy Tab 2 7.0 P3100 WiFi+3G (8GB),samsung,android,NULL,NULL,2,1,1,0,0,0,1,32,4000,0,7,Standard (4:3 or 5:4),SD,60,169.55,1,3.15,1,0.3,32,50,3.15,17299
Xiaomi Pad 7 Ultra,xiaomi,android,Other,Other,10,3.7,0,0,0,1,12,256,12000,120,14,Standard (4:3 or 5:4),WQHD+,120,274.81,1,50,1,32,NULL,80,4.35,68990
Xiaomi Redmi Pad Pro 5G,xiaomi,android,Snapdragon,Snapdragon 7s Gen2,8,2.4,1,1,0,0,8,128,10000,33,12.1,Standard (4:3 or 5:4),WQXGA,120,249.49,1,8,1,8,1536,83,4.35,23999
Xiaomi Pad 7 (12GB RAM + 256GB),xiaomi,android,Snapdragon,Snapdragon 7+ Gen3,8,2.8,0,0,0,1,12,256,8850,45,11.2,Standard (4:3 or 5:4),WQHD+,144,343.52,1,13,1,8,NULL,75,4.75,29999
Xiaomi Redmi Pad Pro 5G (8GB RAM + 256GB),xiaomi,android,Snapdragon,Snapdragon 7s Gen2,8,2.4,1,1,0,0,8,256,10000,33,12.1,Standard (4:3 or 5:4),WQXGA,120,249.49,1,8,1,8,1536,84,4.65,25999
Xiaomi Pad 7 Pro,xiaomi,android,Snapdragon,Snapdragon 8s Gen3,8,3,0,0,0,1,8,128,8850,67,11.2,Standard (4:3 or 5:4),WQHD+,144,343.52,2,50,1,32,NULL,76,4,28990
Xiaomi Pad 7,xiaomi,android,Snapdragon,Snapdragon 7+ Gen3,8,2.8,0,0,0,1,8,128,8850,45,11.2,Standard (4:3 or 5:4),WQHD+,144,343.52,1,13,1,8,NULL,74,4.4,26999
Xiaomi Pad 8,xiaomi,android,NULL,NULL,8,NULL,0,0,0,1,8,256,9950,67,12.1,Standard (4:3 or 5:4),WQHD+,144,317.97,1,50,1,12,NULL,64,4.1,29999
Xiaomi Pad 7 Nano Texture Display Edition,xiaomi,android,Snapdragon,Snapdragon 7+ Gen3,8,2.8,0,0,0,1,12,256,8850,45,11.2,Standard (4:3 or 5:4),WQHD+,144,343.52,1,13,1,8,NULL,75,4.6,31999
Xiaomi Redmi Pad SE Tablet,xiaomi,android,Snapdragon,Snapdragon 680,8,2.4,0,0,0,0,4,128,8000,10,11,Standard (4:3 or 5:4),HD+,90,205.83,1,8,1,5,1024,68,4.65,11999
Xiaomi Redmi Pad SE 8.7 4G,xiaomi,android,Helio,Helio G85,8,2,1,0,0,1,4,64,6650,10,8.7,Standard (4:3 or 5:4),SD,90,179.38,1,8,1,5,1024,69,4.55,9399
Xiaomi Pad 6 Tablet (8GB RAM + 256GB),xiaomi,android,Snapdragon,Snapdragon 870,8,3.2,0,0,0,0,8,256,8840,33,11,Standard (4:3 or 5:4),3K,144,308.75,1,13,1,8,NULL,73,4,23999
Xiaomi Redmi Pad SE Tablet (8GB RAM + 128GB),xiaomi,android,Snapdragon,Snapdragon 680,8,2.4,0,0,0,0,8,128,8000,10,11,Standard (4:3 or 5:4),HD+,90,205.83,1,8,1,5,1024,69,4.65,12999
Xiaomi Redmi Pad Pro (Wi-Fi Only),xiaomi,android,Snapdragon,Snapdragon 7s Gen2,8,2.4,0,0,0,0,6,128,10000,33,12.1,Standard (4:3 or 5:4),WQXGA,120,249.49,1,8,1,8,1536,72,4.15,19999
Xiaomi Pad 7 Max,xiaomi,android,NULL,NULL,8,NULL,0,0,0,0,6,128,12000,120,14,Standard (4:3 or 5:4),WQHD+,144,269.54,1,50,1,16,NULL,64,4.3,39990
Xiaomi Redmi Pad SE 8.7 4G (4GB RAM +128GB),xiaomi,android,Helio,Helio G85,8,2,1,0,0,1,4,128,6650,10,8.7,Standard (4:3 or 5:4),SD,90,179.38,1,8,1,5,1024,71,4.7,10898
Xiaomi Redmi Pad 2,xiaomi,android,Snapdragon,Snapdragon 680,8,2.4,0,0,0,0,3,64,8000,18,11,Standard (4:3 or 5:4),HD+,90,212.03,1,8,1,8,1024,67,4.35,15990
Xiaomi Pad 6 Tablet,xiaomi,android,Snapdragon,Snapdragon 870,8,3.2,0,0,0,0,6,128,8840,33,11,Standard (4:3 or 5:4),3K,144,308.75,1,13,1,8,NULL,72,4.3,23899
Xiaomi Pad 7S Pro,xiaomi,android,Snapdragon,Snapdragon 8 Gen3,8,3.3,0,0,1,0,8,256,11000,120,12.4,Standard (4:3 or 5:4),WQHD+,144,295.42,2,50,1,32,NULL,78,4.7,39990
Xiaomi Redmi Pad SE Tablet (6GB RAM + 128GB),xiaomi,android,Snapdragon,Snapdragon 680,8,2.4,0,0,0,0,6,128,8000,10,11,Standard (4:3 or 5:4),HD+,90,205.83,1,8,1,5,1024,69,4.75,12999
Xiaomi Pad 6S Pro,xiaomi,android,Snapdragon,Snapdragon 8 Gen2,8,3.2,0,0,1,0,8,256,10000,120,12.4,Standard (4:3 or 5:4),WQHD+,144,295.42,2,50,1,32,NULL,80,4.65,49990
Xiaomi Pad 6 Max Tablet,xiaomi,android,Snapdragon,Snapdragon 8+ Gen1,8,3.2,0,0,0,0,8,256,10000,67,14,Standard (4:3 or 5:4),3K,120,242.59,2,50,1,20,NULL,76,4.4,32999
Xiaomi Pad 6 Pro Tablet,xiaomi,android,Snapdragon,Snapdragon 8+ Gen1,8,3.19,0,0,0,0,8,128,8600,67,11,Standard (4:3 or 5:4),3K,144,308.75,2,50,1,20,NULL,75,4.6,29990
Xiaomi Redmi Pad (6GB RAM + 128GB),xiaomi,android,Helio,Helio G99,8,2.2,0,0,0,0,6,128,8000,18,10.61,Standard (4:3 or 5:4),HD+,90,219.83,1,8,1,8,1024,69,4.65,15499
Xiaomi Redmi Pad (4GB RAM + 128GB),xiaomi,android,Helio,Helio G99,8,2.2,0,0,0,0,4,128,8000,18,10.61,Standard (4:3 or 5:4),HD+,90,219.83,1,8,1,8,1024,69,4.7,12636
Xiaomi Redmi Pad,xiaomi,android,Helio,Helio G99,8,2.2,0,0,0,0,3,64,8000,18,10.61,Standard (4:3 or 5:4),HD+,90,219.83,1,8,1,8,1024,67,4.6,14999
Xiaomi Mi Pad 5 Tablet (Wi-Fi + 128GB),xiaomi,android,Snapdragon,Snapdragon 860,8,2.96,0,0,0,0,6,128,8720,33,11,Standard (4:3 or 5:4),WQXGA,120,274.44,1,13,1,8,NULL,71,4.45,19899
Xiaomi Pad 6 Max 14 Tablet,xiaomi,android,Snapdragon,Snapdragon 8+ Gen1,8,3.2,0,0,0,0,8,256,10000,67,14,Standard (4:3 or 5:4),3K,120,242.59,2,50,1,20,NULL,78,4.55,43999
Xiaomi Mi Pad 5 Pro 12.4 inch Tablet,xiaomi,android,Snapdragon,Snapdragon 870,8,3.2,1,1,0,0,6,128,10000,67,12.4,Standard (4:3 or 5:4),WQXGA,120,243.46,2,50,1,8,NULL,86,4.3,35990
Xiaomi Mi Pad 5 Tablet (Wi-Fi + 256GB),xiaomi,android,Snapdragon,Snapdragon 860,8,2.96,0,0,0,0,6,256,8720,33,11,Standard (4:3 or 5:4),WQXGA,120,274.44,1,13,1,8,NULL,72,4.45,22990
Xiaomi Mi Pad 5 Pro 5G Tablet,xiaomi,android,Snapdragon,Snapdragon 870,8,3.2,1,1,0,0,8,256,8600,67,11,Standard (4:3 or 5:4),WQXGA,120,274.44,2,50,1,8,NULL,87,4.4,39999
Xiaomi Redmi Pad 5G,xiaomi,android,Snapdragon,Snapdragon 765G,8,2.4,1,1,0,0,4,64,NULL,NULL,8,Standard (4:3 or 5:4),HD+,90,322.15,1,48,1,16,1,75,4.4,21499
Xiaomi Mi Pad 4,xiaomi,android,Snapdragon,Snapdragon 660,8,2.2,0,0,0,0,4,64,6000,0,8,Standard (4:3 or 5:4),HD+,60,283.02,1,13,1,5,NULL,61,4.15,14990
Xiaomi Mi Pad 3,xiaomi,android,Helio,Helio MT8176,6,2.1,0,0,0,0,4,64,6600,0,7.9,Standard (4:3 or 5:4),WQXGA,60,324.05,1,13,1,5,0,62,4.2,19999
Xiaomi Redmi Tablet,xiaomi,android,Snapdragon,Snapdragon,8,NULL,1,1,0,0,6,128,7800,67,10.1,Standard (4:3 or 5:4),HD+,60,230.93,1,13,1,8,NULL,66,4.25,29990
Xiaomi Mi Pad 5 Pro Tablet (Wi-Fi + 256GB),xiaomi,android,Snapdragon,Snapdragon 870,8,3.2,0,0,0,0,6,256,8600,67,11,Standard (4:3 or 5:4),WQXGA,120,274.44,2,13,1,8,NULL,75,4.45,31999
Xiaomi Mi Pad 5 Pro Tablet (Wi-Fi + 128GB),xiaomi,android,Snapdragon,Snapdragon 870,8,3.2,0,0,0,0,6,128,8600,67,11,Standard (4:3 or 5:4),WQXGA,120,274.44,2,13,1,8,NULL,74,4.3,27999
Xiaomi Mi Pad 5 Lite,xiaomi,android,Snapdragon,Snapdragon 860,8,2.96,1,0,0,0,4,64,8000,22.5,10.95,Standard (4:3 or 5:4),2K,120,313.82,2,12,1,5,0,79,4.1,24990
Xiaomi Mi Reader,xiaomi,android,Other,Other,4,1.8,0,0,0,0,1,16,1800,0,6,NULL,NULL,60,NULL,0,0,0,NULL,NULL,33,4.45,5990
Xiaomi Mi Pad 4 Plus,xiaomi,android,Snapdragon,Snapdragon 660,8,2.2,1,0,0,0,4,128,8260,0,10.1,Widescreen (16:10),HD+,60,224.17,1,13,1,5,256,74,4.65,66108
Xiaomi Mi Pad 2,xiaomi,android,Intel,Intel X5-Z8500,4,2.24,0,0,0,0,2,16,6190,0,7.9,Standard (4:3 or 5:4),WQXGA,60,324.05,1,8,1,5,NULL,56,4.55,13599
Lenovo Xiaoxin Pad Pro 12.7,lenovo,android,Snapdragon,Snapdragon 870,8,3.2,1,1,0,0,8,128,10200,20,12.7,Widescreen (16:10),WQHD+,144,273.36,1,8,1,13,1024,81,4.6,18499
Lenovo Idea Tab Pro,lenovo,other,Dimensity,Dimensity 8300,8,3.35,0,0,0,0,8,128,10200,45,12.7,Widescreen (16:10),WQHD+,144,273.36,1,13,1,8,1024,77,4.5,27999
Lenovo Tab M11 (4GB RAM + 128GB + LTE),lenovo,android,Helio,Helio G88,8,2,1,0,0,0,4,128,7040,15,11,Standard (4:3 or 5:4),HD+,90,205.83,1,13,1,8,1024,75,4.55,12499
Lenovo Idea Tab Pro (12GB RAM + 256GB),lenovo,android,Dimensity,Dimensity 8300,8,3.35,0,0,0,0,12,256,10200,45,12.7,Widescreen (16:10),WQHD+,144,273.36,1,13,1,8,1024,79,4.6,30999
Lenovo Xiaoxin Pad Pro 12.7 (8GB RAM + 256GB),lenovo,android,Snapdragon,Snapdragon 870,8,3.2,1,1,0,0,8,256,10200,20,12.7,Widescreen (16:10),WQHD+,144,273.36,1,8,1,13,1024,82,4.7,20499
Lenovo Tab M11 (4GB RAM + 64GB + Wi-Fi),lenovo,android,Helio,Helio G88,8,2,1,0,0,0,4,64,7040,15,11,Standard (4:3 or 5:4),HD+,90,205.83,1,13,1,8,1024,72,4.7,10499
Lenovo Tab M10 5G,lenovo,android,Snapdragon,Snapdragon 695,8,2.2,1,1,0,0,6,128,7700,20,10.61,Standard (4:3 or 5:4),HD+,60,219.83,1,13,1,8,1024,77,4.15,17985
Lenovo Tab M11 (4GB RAM + 128GB + Wi-Fi),lenovo,android,Helio,Helio G88,8,2,0,0,0,0,4,128,7040,15,11,Standard (4:3 or 5:4),HD+,90,205.83,1,13,1,8,1024,71,4.75,10999
Lenovo Tab M11,lenovo,other,Helio,Helio G88,8,2,0,0,0,0,8,128,7040,15,11,Standard (4:3 or 5:4),HD+,90,205.83,1,13,1,8,1024,70,4.65,13999
Lenovo Xiaoxin Pad Pro 12.7 (2025),lenovo,android,Dimensity,Dimensity 8300,8,3.35,1,1,0,0,8,128,10200,20,12.7,Widescreen (16:10),WQHD+,144,273.36,1,8,1,13,1024,83,4.15,26990
Lenovo Tab Plus 2024 (8GB RAM + 128GB),lenovo,android,Helio,Helio G99,8,2.2,0,0,0,0,8,128,8600,45,11.5,Standard (4:3 or 5:4),HD+,90,202.82,1,8,1,8,1024,70,4.6,16999
Lenovo Tab Plus 2024,lenovo,android,Helio,Helio G99,8,2.2,0,0,0,0,8,256,8600,45,11.5,Standard (4:3 or 5:4),HD+,90,202.82,1,8,1,8,1024,71,4.7,18998
Lenovo Tab P12,lenovo,android,Dimensity,Dimensity 7050,8,2,0,0,0,0,8,256,10200,30,12.7,Widescreen (16:10),WQHD+,60,273.36,1,13,1,8,1024,75,4.3,24990
Lenovo Tab Extreme,lenovo,android,Dimensity,Dimensity 9000,8,3.05,0,0,0,0,12,256,12300,68,14.5,Standard (4:3 or 5:4),WQHD+,120,244.02,1,13,1,13,1,83,4.15,96990
Lenovo Yoga Pad Pro AI 2024,lenovo,android,Snapdragon,Snapdragon 8 Gen3,8,3.3,0,0,0,0,16,512,10200,68,12.7,Standard (4:3 or 5:4),WQHD+,144,273.36,1,NULL,1,NULL,NULL,77,4.35,55990
Lenovo Legion Y700 (2025),lenovo,android,Snapdragon,Snapdragon 8 Gen3,8,3.3,0,0,0,0,12,256,6550,68,8.8,Standard (4:3 or 5:4),WQXGA,165,343.05,2,13,1,8,1,79,4.7,54990
Lenovo Tab P13 Pro,lenovo,android,Snapdragon,Snapdragon 8 Gen1,8,3,1,1,1,0,12,256,11800,65,12.8,Standard (4:3 or 5:4),WQXGA,144,235.85,2,50,1,16,1024,94,4.15,69990
Lenovo Tab M11 (LTE),lenovo,android,Helio,Helio G88,8,2,1,0,0,0,8,128,7040,15,11,Standard (4:3 or 5:4),HD+,90,205.83,1,13,1,8,1024,76,4.7,13499
Lenovo Legion Pad Gaming Tablet,lenovo,android,Snapdragon,Snapdragon 870,8,3.2,1,1,0,0,8,128,7100,30,7,Standard (4:3 or 5:4),HD+,120,375.97,1,8,1,8,512,81,4.75,24999
Lenovo Tab M10 HD Tablet (2GB RAM + 16GB),lenovo,android,Snapdragon,Snapdragon 429,8,1.8,1,0,0,0,2,16,4850,0,10.1,Widescreen (16:10),SD,60,149.45,1,5,1,2,256,59,4.65,5599
Lenovo Tab 4 10 Tablet (WiFi+4G+16GB),lenovo,other,Snapdragon,Snapdragon 425,4,1.4,1,0,0,0,2,16,7000,0,10.1,Standard (4:3 or 5:4),SD,60,149.45,1,5,1,2,1,54,4.7,5799
Lenovo Tab M11 (4GB RAM + 64GB + LTE),lenovo,other,Helio,Helio G88,8,2,1,0,0,0,4,64,7040,15,11,Standard (4:3 or 5:4),HD+,90,205.83,1,13,1,8,1024,73,4.45,12999
Lenovo Yoga Tab Plus,lenovo,android,Snapdragon,Snapdragon 8 Gen3,8,3.3,0,0,0,0,16,256,10200,0,12.7,Widescreen (16:10),WQHD+,60,273.36,2,13,1,13,NULL,80,4.7,54990
Lenovo Tab K12,lenovo,android,Helio,Helio G99,8,2.2,0,0,0,0,8,256,8300,35,11.2,Standard (4:3 or 5:4),HD+,120,239.58,1,13,1,8,1024,70,4.75,14990
Lenovo Tab K11 (4GB+128GB+LTE),lenovo,android,Helio,Helio G88,8,2,1,0,0,0,4,128,7040,15,10.95,Standard (4:3 or 5:4),HD+,90,206.77,1,13,1,8,1024,74,4.2,14490
Lenovo Legion Y700 2024 Gaming Tablet,lenovo,android,Snapdragon,Snapdragon 8 Gen3,8,3.3,1,0,0,0,12,256,6550,45,8.8,Standard (4:3 or 5:4),WQXGA,165,343.05,2,13,1,8,1,79,4.5,34990
Lenovo Tab K11 (Wi-Fi Only),lenovo,android,Helio,Helio G88,8,2,0,0,0,0,8,128,7040,15,10.95,Standard (4:3 or 5:4),HD+,90,206.77,1,13,1,8,1024,69,4.65,17999
Lenovo Tab M8 4th Gen Tablet LTE (4GB RAM + 64GB),lenovo,android,Helio,Helio MT8768,8,NULL,1,0,0,0,4,64,5100,0,8,Widescreen (16:10),SD,60,188.68,1,8,1,2,256,55,4.45,9199
Lenovo Legion Tab 2024,lenovo,android,Snapdragon,Snapdragon 8+ Gen1,8,3.2,0,0,0,0,12,256,6550,45,8.8,Standard (4:3 or 5:4),WQXGA,144,343.05,2,13,1,8,1024,77,4.25,38899
Lenovo Tab M10a 5G,lenovo,android,Snapdragon,Snapdragon 695,8,2.2,1,1,0,0,4,128,7700,20,10.61,Standard (4:3 or 5:4),HD+,60,219.83,1,13,1,8,1024,75,4.5,15990
Lenovo Tab K11,lenovo,android,Helio,Helio G88,8,2,1,0,0,0,8,128,7040,15,10.95,Standard (4:3 or 5:4),HD+,90,206.77,1,13,1,8,1024,75,4.55,15634
Lenovo M10 Plus 3rd Gen Tablet (LTE+4GB RAM+ 128GB),lenovo,android,Snapdragon,Snapdragon 680,8,2.4,1,0,0,0,4,128,7700,1,10.61,Widescreen (16:10),HD+,60,219.83,1,8,1,8,1024,74,4.4,13990
Lenovo Tab P12 (8GB RAM+128GB),lenovo,android,Dimensity,Dimensity 7050,8,2,0,0,0,0,8,128,10200,30,12.7,Widescreen (16:10),WQHD+,60,273.36,1,13,1,8,1024,74,4.45,23399
Lenovo Tab M8 4th Gen 2024 (4 GB RAM + 64 GB + WiFi Only),lenovo,android,Helio,Helio MT8768,8,NULL,0,0,0,0,4,64,5100,0,8,Widescreen (16:10),SD,60,188.68,1,8,1,2,1,50,4.5,9999
Lenovo Tab M10 5G (4GB RAM + 128GB),lenovo,android,Snapdragon,Snapdragon 695,8,2.2,1,1,0,0,4,128,7700,20,10.61,Standard (4:3 or 5:4),HD+,60,219.83,1,13,1,8,1024,79,4.75,21999
Lenovo Tab M9 (4GB RAM + 64GB + LTE),lenovo,android,Helio,Helio G80,8,2,1,0,0,0,4,64,5100,10,9,Standard (4:3 or 5:4),SD,60,173.4,1,8,1,2,512,68,4.25,9589
Lenovo Tab M9 (4GB RAM+64GB+ WI-Fi Only),lenovo,android,Helio,Helio G80,8,2,0,0,0,0,4,64,5100,10,9,Standard (4:3 or 5:4),SD,60,173.4,1,8,1,2,512,62,4.4,8099
Lenovo Tab M9,lenovo,android,Helio,Helio G80,8,2,1,0,0,0,3,32,5100,10,9,Standard (4:3 or 5:4),SD,60,173.4,1,8,1,2,1,65,4.35,8999
Lenovo M10 Plus 3rd Gen Tablet (LTE),lenovo,other,Snapdragon,Snapdragon 680,8,2.4,1,0,0,0,6,128,7700,1,10.61,Widescreen (16:10),HD+,60,219.83,1,8,1,8,1024,75,4.7,15999
Lenovo M10 Plus 3rd Gen Tablet,lenovo,android,Snapdragon,Snapdragon 680,8,2.4,0,0,0,0,6,128,7700,20,10.61,Widescreen (16:10),HD+,60,219.83,1,8,1,8,1024,69,4.3,13999
Lenovo Tab M10 3rd Gen Tablet,lenovo,android,Tiger,Tiger T610,8,1.8,1,0,0,0,4,64,5100,0,10.1,Widescreen (16:10),HD+,60,224.17,1,8,1,5,128,71,4.35,11999
Lenovo Tab M10 FHD Plus 2nd Gen Tablet (Wi-Fi + 128GB),lenovo,android,Helio,Helio P22T,8,2,0,0,0,0,4,128,5000,0,10.3,Widescreen (16:10),HD+,60,219.82,1,8,1,5,256,65,4.75,16244
Lenovo Tab M7 3rd Gen Tablet (Wi-Fi+32GB),lenovo,android,Helio,Helio MT8166,8,2,0,0,0,0,2,32,3750,0,7,Standard (4:3 or 5:4),SD,60,169.55,1,5,1,2,128,53,4.5,6174
Lenovo Tab K10 FHD Tablet (Wi-Fi + 32GB),lenovo,android,Helio,Helio P22T,8,2,0,0,0,0,3,32,7500,0,10.3,Widescreen (16:10),HD+,60,219.82,1,8,1,5,256,62,4.4,14000
Lenovo Tab P11 5G,lenovo,android,Snapdragon,Snapdragon 750G,8,2.2,1,1,0,0,6,128,7500,1,11,Standard (4:3 or 5:4),HD+,60,212.03,1,13,1,8,1024,81,4.7,34505
Lenovo Tab Yoga 11 4G Tablet,lenovo,android,Helio,Helio G90T,8,2.05,1,0,0,0,4,128,7500,0,11,Widescreen (16:10),HD+,60,212.03,1,8,1,8,256,75,4.25,16039
Lenovo Tab M10 HD 2nd Gen Tablet (Wi-Fi + 32GB),lenovo,other,Helio,Helio P22,8,2,0,0,0,0,2,32,5000,0,10.1,Widescreen (16:10),SD,60,149.45,1,8,1,5,256,54,4.55,9999
Lenovo Tab M7 (2nd Gen) Tablet,lenovo,android,Helio,Helio MT8765,4,1.3,1,0,0,0,2,32,3500,0,7,Widescreen (16:10),SD,60,169.55,1,2,1,2,128,55,4.25,6670
Lenovo Tab M10 HD Tablet (Wi-Fi+32GB),lenovo,android,Snapdragon,Snapdragon 429,4,1.8,0,0,0,0,2,32,4850,0,10.1,Widescreen (16:10),SD,60,149.45,1,5,1,2,256,49,4.6,6380
Lenovo Tab M10 (HD),lenovo,android,Snapdragon,Snapdragon 429,8,1.8,1,0,0,0,2,32,4850,0,10.1,Widescreen (16:10),SD,60,149.45,1,5,1,2,256,61,4.5,6899
Lenovo Tab K11 Plus,lenovo,android,Snapdragon,Snapdragon 680,8,2.4,1,0,1,0,4,64,8600,20,11.45,Standard (4:3 or 5:4),HD+,90,203.7,1,13,1,8,1024,76,4.45,17990
Lenovo Tab P11 Pro 2nd Gen (Wi-Fi + 8 GB + 256 GB),lenovo,android,Other,Other,8,2.6,0,0,0,0,8,256,8000,20,11.2,Standard (4:3 or 5:4),WQXGA,120,266.56,1,13,1,8,1,80,4.35,32999
Lenovo Tab P11 2nd Gen,lenovo,android,Helio,Helio G99,8,2.2,1,0,0,0,6,128,NULL,NULL,11.5,Standard (4:3 or 5:4),HD+,120,202.82,1,13,1,8,512,77,4.15,15999
Lenovo Tab K10 FHD 4G Tablet,lenovo,android,Helio,Helio P22T,8,2,1,0,0,0,3,32,7500,0,10.3,Widescreen (16:10),HD+,60,219.82,1,8,1,5,256,71,4.15,15299
Lenovo Tab K10 FHD Tablet (Wi-Fi + 64GB),lenovo,android,Helio,Helio P22T,8,2,0,0,0,0,4,64,7500,0,10.3,Widescreen (16:10),HD+,60,219.82,1,8,1,5,256,63,4.75,14399
Lenovo Tab M10 HD 2nd Gen Tablet (Wi-Fi + 64GB),lenovo,android,Helio,Helio P22,8,2,0,0,0,0,4,64,5000,0,10.1,Widescreen (16:10),SD,60,149.45,1,8,1,5,256,59,4.7,12499
Lenovo Tab M8 FHD 2nd Gen Tablet (Wi-Fi + 32GB),lenovo,android,Helio,Helio P22T,8,2.3,0,0,0,0,3,32,5100,0,8,Widescreen (16:10),HD+,60,283.02,1,13,1,5,1,61,4.65,10999
Lenovo Tab 4 10 Plus Tablet (WiFi+4G+16GB),lenovo,android,Snapdragon,Snapdragon 625,8,2,1,0,0,0,3,16,7000,0,10.1,Standard (4:3 or 5:4),HD+,60,224.17,1,8,1,5,1,65,4.25,27000
Lenovo Tab M9 (3GB RAM+32GB+ WI-Fi Only),lenovo,android,Helio,Helio G80,8,2,0,0,0,0,3,32,5100,10,9,Standard (4:3 or 5:4),SD,60,173.4,1,8,1,2,1,58,4.45,8699
Lenovo Legion Y900 Tablet,lenovo,android,Dimensity,Dimensity 9000,8,3.05,1,1,0,0,8,128,12300,68,14.5,Standard (4:3 or 5:4),HD+,120,181.5,1,8,1,8,512,87,4.6,59990
Lenovo Tab P11 5G (8GB RAM + 256GB),lenovo,other,Snapdragon,Snapdragon 750G,8,2.2,1,1,0,0,8,256,7500,1,11,Standard (4:3 or 5:4),HD+,60,212.03,1,13,1,8,1024,82,4.4,39999
Lenovo Yoga Paper E Ink Tablet,lenovo,android,Helio,Helio G90T,8,2.05,0,0,0,0,8,128,8500,0,11,Widescreen (16:10),HD+,60,212.03,1,13,1,8,512,68,4.55,29999
Lenovo Legion Y700 Gaming Tablet,lenovo,android,Snapdragon,Snapdragon 870,8,3.2,1,0,0,0,8,128,6550,45,8.8,Standard (4:3 or 5:4),WQXGA,120,343.05,1,13,1,8,1,81,4.05,29990
Lenovo Tab 6 5G,lenovo,android,Snapdragon,Snapdragon 690,8,2,1,1,0,0,4,64,7500,0,10.3,Widescreen (16:10),HD+,60,219.82,1,8,1,8,1024,74,4.7,18999
Lenovo Tab P12 Pro,lenovo,android,Snapdragon,Snapdragon 870,8,3.2,1,1,1,0,6,128,10200,45,12.6,Standard (4:3 or 5:4),WQXGA,120,239.59,2,13,1,8,1024,89,4,65990
Lenovo Yoga Tab 13,lenovo,android,Snapdragon,Snapdragon 870,8,3.2,1,0,0,0,8,128,10200,1,13,Standard (4:3 or 5:4),2K,60,195.94,1,13,1,8,256,86,4.7,69990
Lenovo Pad Plus,lenovo,android,Snapdragon,Snapdragon 750G,8,2.2,0,0,0,0,6,128,7700,0,11,Standard (4:3 or 5:4),HD+,60,212.03,1,13,1,8,1,67,4.2,16990
Lenovo Tab M10 HD 2nd Gen Tablet (2GB RAM + 32GB),lenovo,other,Helio,Helio P22,8,2,1,0,0,0,2,32,5000,0,10.1,Widescreen (16:10),SD,60,149.45,1,8,1,5,256,63,4.75,7209
Lenovo Yoga Pad Pro,lenovo,android,Snapdragon,Snapdragon 870,8,3.2,0,0,0,0,6,128,8600,20,11.5,Standard (4:3 or 5:4),WQXGA,60,262.51,2,13,2,8,1,78,4.2,39990
Lenovo Xiaoxin Pad Pro 2021,lenovo,android,Snapdragon,Snapdragon 870,8,3.2,1,1,0,0,8,128,10200,30,12.6,Widescreen (16:10),WQXGA,120,239.59,2,13,1,8,512,88,4.15,34990
Lenovo Tab M10 FHD Plus (2nd Gen) Tablet,lenovo,android,Helio,Helio P22T,8,2,1,0,0,0,4,128,5000,0,10.3,Widescreen (16:10),HD+,60,219.82,1,8,1,5,256,73,4.3,11999
Lenovo Tab M10 FHD Plus 2nd Gen Tablet (2GB RAM + 32GB),lenovo,android,Helio,Helio P22T,8,2,1,0,0,0,2,32,5000,0,10.3,Widescreen (16:10),HD+,60,219.82,1,8,1,5,256,67,4.65,7490
Lenovo Ideapad Duet Chromebook (Wi-Fi Only),lenovo,android,Helio,Helio P60T,8,1.99,0,0,0,0,4,128,7000,0,10.1,Widescreen (16:10),HD+,60,224.17,1,8,1,2,NULL,62,4.5,21000
Lenovo Tab M8 FHD (2nd Gen) Tablet,lenovo,android,Helio,Helio P22,8,2,1,0,0,0,3,32,5100,0,8,Widescreen (16:10),HD+,60,283.02,0,NULL,1,5,NULL,66,4.5,6999
Lenovo Tab P11,lenovo,android,Snapdragon,Snapdragon 662,8,2,1,0,0,0,4,128,7500,0,11,Standard (4:3 or 5:4),HD+,60,212.03,1,13,1,8,256,74,4.15,16999
Lenovo Tab M10 HD Tablet (3GB RAM + 32GB),lenovo,other,Snapdragon,Snapdragon 429,8,1.8,1,0,0,0,3,32,4850,0,10.1,Widescreen (16:10),SD,60,149.45,1,5,1,2,256,64,4.5,5999
Lenovo M10 Plus,lenovo,android,Helio,Helio P22T,8,2,0,0,0,0,4,64,7000,0,10.3,Standard (4:3 or 5:4),HD+,60,219.82,1,13,1,8,1,65,4.3,19999
Lenovo Tab V7 Tablet (2GB RAM + 16GB),lenovo,android,Snapdragon,Snapdragon 450,8,1.8,1,0,0,0,2,16,5180,0,6.9,Standard (4:3 or 5:4),HD+,60,349.99,1,13,1,5,256,67,4.65,7199
Lenovo Tab V7 Tablet (4GB RAM + 64GB),lenovo,android,Snapdragon,Snapdragon 450,8,1.8,1,0,0,0,4,64,5180,0,6.9,Standard (4:3 or 5:4),HD+,60,349.99,1,13,1,5,256,74,4.5,13499
Lenovo Tab V7,lenovo,android,Snapdragon,Snapdragon 450,8,1.8,1,0,0,0,3,32,5180,0,6.9,Standard (4:3 or 5:4),HD+,60,349.99,1,13,1,5,256,72,4.6,7599
Lenovo Tab M10,lenovo,android,Snapdragon,Snapdragon 450,8,1.8,1,0,0,0,3,32,4850,0,10.1,Standard (4:3 or 5:4),HD+,60,224.17,1,5,1,2,256,65,4.55,9490
Lenovo Tab 2 A7-20 Tablet,lenovo,android,NULL,NULL,4,1.3,0,0,0,0,1,8,3450,0,7,Standard (4:3 or 5:4),SD,60,196.79,1,2,1,0.3,NULL,40,4.75,1494
Lenovo Phab Plus Tablet,lenovo,android,Snapdragon,Snapdragon 615,8,1.5,1,0,0,0,2,32,3500,0,6.8,Standard (4:3 or 5:4),HD+,60,323.96,1,13,1,5,64,62,4.05,7615
Lenovo Tab M8 4th Gen Tablet LTE,lenovo,android,Helio,Helio MT8768,8,NULL,1,0,0,0,3,32,5100,0,8,Widescreen (16:10),SD,60,188.68,1,8,1,2,256,52,4.7,9499
Lenovo M10 Plus 3rd Gen Tablet (Wi-Fi+4GB RAM+ 128GB),lenovo,android,Snapdragon,Snapdragon 680,8,2.4,0,0,0,0,4,128,7700,1,10.61,Widescreen (16:10),HD+,60,219.83,1,8,1,8,1024,68,4.4,11874
Lenovo Tab M10 HD 2nd Gen Tablet (3GB RAM + 32GB),lenovo,android,Helio,Helio P22,8,2,1,0,0,0,3,32,5000,0,10.1,Widescreen (16:10),SD,60,149.45,1,8,1,5,256,65,4.65,12999
Lenovo Tab M10 HD 2nd Gen Tablet (Wi-Fi + 3GB + 32GB),lenovo,android,Helio,Helio P22,8,2,0,0,0,0,6,32,5000,0,10.1,Widescreen (16:10),SD,60,149.45,1,8,1,5,256,57,4.4,7999
Lenovo Tab P11 Pro (2nd Gen),lenovo,android,Other,Other,8,2.6,1,0,0,0,4,128,7700,20,11.2,Standard (4:3 or 5:4),HD+,120,208.25,1,13,1,8,1024,82,4.25,37990
Lenovo Xiaoxin Pad Pro 2022,lenovo,android,Snapdragon,Snapdragon 870,8,3.2,1,0,0,0,8,128,8200,68,11.2,Widescreen (16:10),WQXGA,120,266.56,1,8,1,8,1024,87,4.3,45990
Lenovo Tab P12 Pro (8GB RAM + 256GB),lenovo,android,Snapdragon,Snapdragon 870,8,3.2,1,1,1,0,8,256,10200,45,12.6,Standard (4:3 or 5:4),WQXGA,120,239.59,2,13,1,8,1024,93,4.15,69999
Lenovo Tab P12 Pro (Wi-Fi + 256GB),lenovo,android,Snapdragon,Snapdragon 870,8,3.2,0,0,1,0,8,256,10200,45,12.6,Widescreen (16:10),WQXGA,120,239.59,2,13,1,8,512,83,4.5,49999
Lenovo Xiaoxin Pad 2022,lenovo,android,Snapdragon,Snapdragon 680,8,2.4,1,0,0,0,6,64,7000,1,10.6,Widescreen (16:10),HD+,60,220.04,1,8,1,8,1024,81,4.2,39999
Lenovo Tab Yoga 11 Tablet (Wi-Fi+128GB),lenovo,android,Helio,Helio G90T,8,2.05,0,0,0,0,4,128,7500,0,11,Widescreen (16:10),HD+,60,212.03,1,8,1,8,256,67,4,29999
Lenovo Tab M8 HD 2nd Gen Tablet,lenovo,android,Helio,Helio A22,4,2,1,0,0,0,2,32,5000,0,8,Widescreen (16:10),SD,60,188.68,1,8,1,2,1,55,4.05,5799
Lenovo Tab M8 HD 2nd Gen Tablet (3GB RAM + 32GB),lenovo,android,Helio,Helio A22,4,2,1,0,0,0,3,32,5000,0,8,Widescreen (16:10),SD,60,188.68,1,8,1,2,1,58,4.6,8999
Lenovo Tab M8 HD 2nd Gen Tablet (Wi-Fi+32GB),lenovo,android,Helio,Helio A22,4,2,1,0,0,0,3,32,5000,0,8,Widescreen (16:10),SD,60,188.68,1,8,1,5,NULL,55,4.05,9999
Lenovo Tab K10 FHD 4G Tablet (4GB RAM + 64GB),lenovo,android,Helio,Helio P22T,8,2,1,0,0,0,4,64,7500,0,10.3,Widescreen (16:10),HD+,60,219.82,1,8,1,5,256,71,4.1,13999
Lenovo Ideapad Duet 3 Tablet (Wi-Fi Only),lenovo,android,Other,Other,2,1.1,0,0,0,0,4,128,6000,0,10.3,Widescreen (16:10),HD+,60,219.82,1,5,1,2,256,58,4.05,22999
Lenovo Tab P11 Plus,lenovo,android,Helio,Helio G90T,8,2.05,1,0,0,0,6,128,7700,20,11,Standard (4:3 or 5:4),HD+,60,212.03,1,13,1,8,256,78,4.25,23998
Lenovo Tab M8 HD 3rd Gen Tablet,lenovo,android,Helio,Helio P22T,8,2.3,1,0,0,0,4,64,5100,0,8,Standard (4:3 or 5:4),SD,60,188.68,1,8,1,2,128,69,4.1,11999
Lenovo Tab M7 3rd Gen Tablet,lenovo,other,Helio,Helio MT8766,8,2,1,0,0,0,2,32,3750,0,7,Standard (4:3 or 5:4),SD,60,169.55,1,2,1,2,1,61,4.25,6499
Lenovo M10 FHD REL (4GB RAM + 64GB),lenovo,android,Snapdragon,Snapdragon 450,8,1.8,1,0,0,0,4,64,7000,0,10.04,Standard (4:3 or 5:4),HD+,60,225.51,1,8,1,5,1,68,4.15,15994
Lenovo Pad,lenovo,android,Snapdragon,Snapdragon 662,8,2,0,0,0,0,4,64,7700,20,11,Standard (4:3 or 5:4),HD+,60,212.03,1,13,1,8,1,66,4.45,11990
Lenovo Pad Pro,lenovo,other,Snapdragon,Snapdragon 870,8,3.2,0,0,0,0,6,128,8600,20,11.5,Standard (4:3 or 5:4),WQXGA,60,262.51,2,13,2,8,1,76,4.65,27990
Lenovo Tab M10 5G 2022,lenovo,android,Snapdragon,Snapdragon 690,8,2,1,0,0,0,6,128,5000,0,10.3,Widescreen (16:10),HD+,60,219.82,1,8,1,5,256,74,4.4,24999
Lenovo M8 HD (2nd Gen) Tablet,lenovo,android,Helio,Helio A22,4,2,0,0,0,0,3,32,5000,0,8,Widescreen (16:10),SD,60,188.68,1,8,1,2,128,53,4.65,11499
Lenovo M10 FHD REL (3GB RAM + 32GB),lenovo,android,Snapdragon,Snapdragon 450,8,1.8,1,0,0,0,3,32,7000,0,10.04,Standard (4:3 or 5:4),HD+,60,225.51,1,8,1,5,1,66,4.4,16597
Lenovo Ideapad D330 Tablet (Wi-Fi + 128GB),lenovo,android,Other,Other,2,NULL,0,0,0,0,4,128,5080,0,10.1,Widescreen (16:10),SD,60,149.45,1,5,1,2,256,50,4.4,22999
Lenovo Smart Tab M10 FHD Tablet (3GB RAM + 32GB),lenovo,other,Snapdragon,Snapdragon 450,8,1.8,1,0,0,0,3,32,4850,0,10.1,Standard (4:3 or 5:4),HD+,60,224.17,1,5,1,2,1,63,4,14990
Lenovo M10 FHD REL,lenovo,android,Snapdragon,Snapdragon 450,8,1.8,1,0,0,0,2,32,7000,0,10.04,Standard (4:3 or 5:4),HD+,60,225.51,1,8,1,5,1,66,4.2,7999
Lenovo Tab M7 (2nd Gen) Tablet (Wi-Fi+1GB+16GB),lenovo,android,Helio,Helio MT8321,4,1.3,0,0,0,0,1,16,3500,0,7,Widescreen (16:10),SD,60,169.55,1,2,1,2,128,43,4.05,8000
Lenovo Tab M8 FHD (2nd Gen) Tablet (2GB RAM + 32GB),lenovo,android,Helio,Helio P22,8,2,1,0,0,0,2,32,5100,0,8,Widescreen (16:10),HD+,60,283.02,0,NULL,1,5,NULL,63,4.45,6419
Lenovo Tab M7 (2nd Gen) Tablet (1GB RAM + 16GB),lenovo,android,Helio,Helio MT8321,4,1.3,1,0,0,0,1,16,3500,0,7,Standard (4:3 or 5:4),SD,60,169.55,1,2,1,2,128,51,4.25,9490
Lenovo M10 FHD 2nd Gen Tablet,lenovo,android,Snapdragon,Snapdragon 450,8,1.8,1,0,0,0,4,32,7000,0,10.3,Standard (4:3 or 5:4),HD+,60,219.82,1,8,1,5,1,64,4.5,23749
Lenovo Tab M7 Tablet (Wi-Fi + 16GB),lenovo,android,Helio,Helio MT8321,4,1.3,0,0,0,0,1,16,3500,0,7,Standard (4:3 or 5:4),SD,60,169.55,1,2,1,2,128,44,4.65,4650
Lenovo Smart Tab M10 FHD Plus Tablet,lenovo,android,Helio,Helio P22T,8,2.3,1,0,0,0,4,128,5000,0,10.3,Widescreen (16:10),HD+,60,219.82,1,8,1,5,256,72,4.7,13788
Lenovo Smart Tab M10 FHD Tablet,lenovo,android,Snapdragon,Snapdragon 450,8,1.8,1,0,0,0,2,32,4850,0,10.1,Standard (4:3 or 5:4),HD+,60,224.17,1,5,1,2,1,62,4.4,11999
Lenovo Tab M7 Tablet (Wi-Fi+4G +16GB),lenovo,android,Helio,Helio MT8321,4,1.3,1,0,0,0,1,16,3500,0,7,Standard (4:3 or 5:4),SD,60,169.55,1,2,1,2,128,52,4.05,4790
Lenovo Tab P11 Pro,lenovo,android,Snapdragon,Snapdragon 730G,8,2.2,1,0,0,0,6,128,8600,0,11.5,Widescreen (16:10),WQXGA,60,262.51,2,13,2,8,256,84,4.4,32990
Lenovo Tab E8 Tablet (Wi-Fi+1GB+16GB),lenovo,android,Helio,Helio MT8163B,4,1.3,0,0,0,0,1,16,4850,0,8,Widescreen (16:10),SD,60,188.68,1,5,1,2,128,46,4.3,5490
Lenovo Tab M10 Tablet (2GB RAM + 16GB),lenovo,android,Snapdragon,Snapdragon 450,8,1.8,1,0,0,0,2,16,4850,0,10.1,Standard (4:3 or 5:4),HD+,60,224.17,1,5,1,2,256,62,4.7,11100
Lenovo Tab M8 (2nd Gen) Tablet (Wi-Fi Only),lenovo,android,Helio,Helio P22T,8,2.3,0,0,0,0,4,64,5100,0,8,Widescreen (16:10),HD+,60,283.02,1,13,1,5,1,64,4.6,10599
Lenovo Tab M10 Tablet (2GB RAM + 32GB),lenovo,android,Snapdragon,Snapdragon 450,8,1.8,1,0,0,0,2,32,4850,0,10.1,Standard (4:3 or 5:4),HD+,60,224.17,1,5,1,2,256,64,4,9999
Lenovo Tab E8 Tablet (Wi-Fi Only),lenovo,android,Helio,Helio MT8163B,4,1.3,0,0,0,0,2,16,4850,0,8,Widescreen (16:10),SD,60,188.68,1,5,1,2,128,48,4.2,5931
Lenovo Tab M8 HD Tablet,lenovo,android,Helio,Helio A22,4,2,1,0,0,0,2,32,5000,0,8,Widescreen (16:10),SD,60,188.68,1,8,1,5,1,61,4.75,9682
Lenovo Tab E10 Tablet,lenovo,android,Snapdragon,Snapdragon 210,4,1.1,0,0,0,0,1,16,4850,0,10.1,Standard (4:3 or 5:4),SD,60,149.45,1,5,1,2,128,48,4.45,6990
Lenovo Tab P10 Tablet (3GB RAM + 32GB),lenovo,android,Snapdragon,Snapdragon 450,8,1.8,1,0,0,0,3,32,7000,0,10.1,Standard (4:3 or 5:4),HD+,60,224.17,1,8,1,5,256,68,4.65,18990
Lenovo Yoga Tab 3 8 inch Tablet (2GB RAM +16GB),lenovo,other,Snapdragon,Snapdragon 212,4,1.3,1,0,0,0,2,16,6200,0,8,Standard (4:3 or 5:4),SD,60,188.68,1,8,0,NULL,128,55,4.4,11999
Lenovo Ideapad D330 Tablet (Wi-Fi Only),lenovo,android,Other,Other,2,NULL,0,0,0,0,4,64,5080,0,10.1,Widescreen (16:10),SD,60,149.45,1,5,1,2,256,48,4.55,21999
Lenovo Tab M10 (Wi-Fi+32GB),lenovo,android,Snapdragon,Snapdragon 450,8,1.8,0,0,0,0,3,32,7000,0,10.1,Standard (4:3 or 5:4),HD+,60,224.17,1,8,1,5,1,56,4,11999
Lenovo Yoga Tab 3 8-inch Tablet (2GB RAM + 16GB),lenovo,android,Snapdragon,Snapdragon MSM8909,4,1.3,1,0,0,0,2,16,6200,0,8,Widescreen (16:10),SD,60,188.68,1,8,0,NULL,128,53,4.1,10490
Lenovo Yoga Smart Tab,lenovo,android,Snapdragon,Snapdragon 439,8,2,1,0,0,0,4,64,7000,0,10.1,Standard (4:3 or 5:4),HD+,60,224.17,1,8,1,5,64,72,4.75,12999
Lenovo Tab E7 Tablet,lenovo,android,Helio,Helio MT8321,4,1.3,1,0,0,0,1,8,2750,0,7,Standard (4:3 or 5:4),SD,60,169.55,1,2,1,0.3,128,46,4.2,7975
Lenovo Tab P10 Tablet,lenovo,android,Snapdragon,Snapdragon 450,8,1.8,1,0,0,0,4,64,7000,0,10.1,Standard (4:3 or 5:4),HD+,60,224.17,1,8,1,5,256,71,4.4,7999
Lenovo Tab M7,lenovo,other,Helio,Helio MT8321,NULL,NULL,0,0,0,0,NULL,8,NULL,NULL,7,Widescreen (16:10),SD,60,169.55,0,NULL,1,2,128,30,4.45,4400
Lenovo Tab M8 Tablet (Wi-Fi + 32GB),lenovo,android,Helio,Helio A22,4,2,0,0,0,0,2,32,5000,0,8,Standard (4:3 or 5:4),SD,60,188.68,1,8,1,2,128,53,4.45,6119
Lenovo Yoga Book YB1-X90L Tablet,lenovo,android,Intel,Intel x5Z8550,4,2.2,1,0,0,0,4,64,8500,0,10.1,Widescreen (16:10),HD+,60,224.17,1,8,1,2,128,67,4.2,34999
Lenovo Tab3 7 Plus Tablet,lenovo,android,Snapdragon,Snapdragon 410,4,1.2,1,0,0,0,2,16,3500,0,7,Widescreen (16:10),SD,60,209.8,1,5,1,2,1,48,3.7,11998
Lenovo Tab 7 7304F Tablet (WiFi+8GB),lenovo,android,Helio,Helio,4,1.3,0,0,0,0,1,8,3450,0,7,Widescreen (16:10),SD,60,169.55,1,2,1,2,128,41,4.6,4999
Lenovo Tab3 8 Plus (WiFi+4G+16GB),lenovo,other,Snapdragon,Snapdragon 625,8,2,1,0,0,0,3,16,4250,0,8,Standard (4:3 or 5:4),HD+,60,283.02,1,8,1,5,1,65,4.25,12990
Lenovo Tab 7 7504X Tablet (WiFi+4G+16GB),lenovo,android,Helio,Helio,4,1.3,1,0,0,0,2,16,3500,0,6.98,Widescreen (16:10),SD,60,210.4,1,5,1,2,128,51,4.65,5199
Lenovo Tab 4 8 Plus Tablet (WiFi+4G+64GB),lenovo,android,Snapdragon,Snapdragon MSM8953,8,2,1,0,0,0,4,64,4850,0,8,Standard (4:3 or 5:4),HD+,60,283.02,1,8,1,5,128,70,4.15,21990
Lenovo Yoga Book Tablet (Windows),lenovo,android,Intel,Intel x5-Z8550,4,2.4,0,0,0,0,4,64,8500,0,10.1,Standard (4:3 or 5:4),HD+,60,224.17,1,8,1,2,128,69,4.65,40717
Lenovo Tab 4 8 Plus Tablet (WiFi+4G+16GB),lenovo,android,Snapdragon,Snapdragon 625,8,2,1,0,0,0,3,16,4850,0,8,Standard (4:3 or 5:4),HD+,60,283.02,1,8,1,5,1,65,4.55,16999
Lenovo Tab 4 10 Plus Tablet (WiFi+4G+64GB),lenovo,android,Snapdragon,Snapdragon 625,8,2,1,0,0,0,4,64,7000,0,10.1,Standard (4:3 or 5:4),HD+,60,224.17,1,8,1,5,1,70,4.45,26999
Lenovo Tab 4 8 Tablet (WiFi+4G+16GB),lenovo,android,Snapdragon,Snapdragon 425,4,1.4,1,0,0,0,2,16,4850,0,8,Standard (4:3 or 5:4),SD,60,188.68,1,5,1,2,1,55,4.35,5499
Lenovo Yoga A12 Tablet (WiFi+4G+64GB),lenovo,other,Intel,Intel x5Z8550,4,2.4,1,0,0,0,4,64,10500,0,12.2,Widescreen (16:10),SD,60,123.72,0,0,0,NULL,128,61,4,29990
Lenovo Yoga Tab 3 Pro (4GB RAM + 64GB),lenovo,android,Intel,Intel x5-Z8500,4,2.24,1,0,0,0,4,64,10200,0,10.1,Standard (4:3 or 5:4),WQXGA,60,298.9,1,13,1,5,1,73,4.1,39999
Lenovo Tab 3 730X Tablet,lenovo,android,Helio,Helio,4,1,1,0,0,0,2,16,3450,0,7,Standard (4:3 or 5:4),SD,60,169.55,1,5,1,2,32,51,4.15,8999
Lenovo A10-70 Tablet,lenovo,android,Helio,Helio MT8382,4,1.3,1,0,0,0,1,16,6340,0,10.1,Standard (4:3 or 5:4),SD,60,149.45,1,5,1,2,32,51,4.7,20000
Lenovo Tab 2 A8-50 Tablet (WiFi+16GB),lenovo,android,Helio,Helio MT8161,2,1.2,0,0,0,0,1,16,4290,0,8,Standard (4:3 or 5:4),SD,60,188.68,1,5,1,2,NULL,46,4.05,12999
Lenovo Tab 3 8-Inch Tablet (WiFi+4G+16GB),lenovo,other,Helio,Helio MT6735P,4,1,1,0,0,0,2,16,4290,0,8,Standard (4:3 or 5:4),SD,60,188.68,1,5,1,2,64,54,4,12600
Lenovo Tab3 7 Essential (WiFi+3G+16GB),lenovo,android,Helio,Helio,4,1.3,1,0,0,0,1,16,3450,0,7,Standard (4:3 or 5:4),SD,60,169.55,1,2,1,0.3,64,47,4.7,5500
Lenovo Tab 2 A8 Tablet (4G+WiFi+8GB),lenovo,android,Helio,Helio MT8735,4,1.3,1,0,0,0,1,8,4200,0,8,Standard (4:3 or 5:4),SD,60,180.28,1,5,1,2,32,51,3.45,12000
Lenovo Yoga Tab 3 10inch Tablet (WiFi+16GB),lenovo,other,Snapdragon,Snapdragon MSM8909,4,1.3,0,0,0,0,1,16,8400,0,10.1,Standard (4:3 or 5:4),SD,60,149.45,1,8,0,NULL,128,46,4.45,11590
Lenovo Tab 3 A8 Tablet (WiFi+16GB),lenovo,android,Helio,Helio 64-bit,NULL,NULL,0,0,0,0,NULL,16,4290,0,8,Widescreen (16:10),SD,60,188.68,1,5,1,2,64,37,3.35,8499
Lenovo Tab3 7 Essential (WiFi Only),lenovo,android,Helio,Helio,4,1.3,0,0,0,0,1,8,3450,0,7,Standard (4:3 or 5:4),SD,60,169.55,1,2,1,0.3,64,42,4.45,5000
Lenovo Yoga Tab 3 Plus,lenovo,android,Snapdragon,Snapdragon 652,8,NULL,1,0,0,0,3,32,9300,0,10.1,Widescreen (16:10),WQXGA,60,298.9,1,13,1,5,128,58,4.15,22999
Lenovo CG Slate Grade K-2 Tablet (WiFi+8GB),lenovo,android,Helio,Helio MT8127,4,1.3,1,0,0,0,1,8,3450,0,7,Widescreen (16:10),SD,60,169.55,1,2,1,0.3,32,39,3.6,8499
Lenovo CG Slate Grade 3-5 Tablet (WiFi+8GB),lenovo,other,Helio,Helio MT8127,4,1.3,1,0,0,0,1,8,3450,0,7,Widescreen (16:10),SD,60,169.55,1,2,1,0.3,32,42,3.8,8499
Lenovo Yoga Tab 3 Pro,lenovo,android,Intel,Intel X5Z8500,4,2.24,1,0,0,0,2,32,10200,0,10.1,NULL,NULL,60,NULL,1,13,1,5,128,49,4,14500
Lenovo Tab3 7 Essential,lenovo,android,Helio,Helio,4,1.3,1,0,0,0,1,8,3450,0,7,Standard (4:3 or 5:4),SD,60,169.55,1,2,1,0.3,64,43,2.65,4999
Lenovo Phab,lenovo,android,NULL,NULL,4,1.2,1,0,0,0,2,16,4250,0,6.98,Widescreen (16:10),SD,60,210.4,1,13,1,5,64,55,3.85,11999
Lenovo Yoga Tab 3 10inch (WiFi+4G+16GB),lenovo,android,NULL,NULL,4,1.3,1,0,0,0,1,16,8400,0,10.1,Standard (4:3 or 5:4),SD,60,149.45,1,8,0,NULL,128,52,4.35,15999
Lenovo Yoga 3 8inch Tablet (WiFi+4G+16GB),lenovo,android,NULL,NULL,4,1.3,1,0,0,0,1,16,6200,0,8,Standard (4:3 or 5:4),SD,60,188.68,1,8,0,NULL,128,51,4,11790
Lenovo Tab 2 A8 Tablet (4G+WiFi+16GB),lenovo,android,NULL,NULL,4,1.3,1,0,0,0,1,16,4290,0,8,Standard (4:3 or 5:4),SD,60,180.28,1,5,1,2,32,52,4.15,10399
Lenovo Miix 3 830 Tablet,lenovo,android,NULL,NULL,4,1.8,0,0,0,0,2,32,3000,0,7.85,Standard (4:3 or 5:4),SD,60,163.06,1,2,1,2,64,48,4.6,5999
"Lenovo Miix 3 10 Tablet""",lenovo,android,NULL,NULL,4,1.8,0,0,0,0,2,32,6800,0,10.1,Standard (4:3 or 5:4),HD+,60,224.17,0,NULL,1,2,NULL,54,3.9,9994
Lenovo Tab 2 A10-70 Tablet (4G+WiFi+16GB),lenovo,other,Helio,Helio MT8165,4,1.5,1,0,0,0,2,16,7000,0,10.1,Standard (4:3 or 5:4),HD+,60,218.11,1,8,1,5,64,58,4.35,17200
Lenovo Tab 2 A7-30,lenovo,android,NULL,NULL,4,1.3,1,0,0,0,1,8,3450,0,7,Standard (4:3 or 5:4),SD,60,169.55,1,2,1,0.3,32,43,4.55,5999
Lenovo Thinkpad 8 Tablet (WiFi+2G+64GB),lenovo,other,Intel,Intel Z3770,NULL,NULL,0,0,0,0,NULL,64,NULL,NULL,8.3,Widescreen (16:10),HD+,60,272.79,0,NULL,1,2,128,47,3.65,23999
Lenovo IdeaPad A2107 (WiFi+3G+16GB),lenovo,other,NULL,NULL,1,1,1,0,0,0,NULL,16,3550,0,7,Widescreen (16:10),SD,60,169.55,1,2,1,0.3,32,42,4.4,9799
Lenovo Yoga 10 Plus Tablet,lenovo,other,Snapdragon,Snapdragon 400 APQ8028,4,1.6,1,0,0,0,2,16,9000,0,10.1,Standard (4:3 or 5:4),HD+,60,224.17,1,8,1,1.6,64,58,4.35,25200
Lenovo Yoga 2 10 inch Tablet (WiFi+3G+32GB),lenovo,android,Intel,Intel Z3745,4,1.86,1,0,0,0,2,32,9000,0,10.1,Standard (4:3 or 5:4),HD+,60,224.17,1,8,1,1.6,64,61,2.85,32990
Lenovo A7-30 Tablet (WiFi+3G+16GB),lenovo,android,NULL,NULL,4,1.3,1,0,0,0,1,16,3500,0,7,Standard (4:3 or 5:4),SD,60,169.55,1,2,1,0.3,32,48,3.8,9346
"Lenovo Miix 2 10 Tablet""",lenovo,other,NULL,NULL,4,1.8,0,0,0,0,2,32,NULL,NULL,8,Standard (4:3 or 5:4),SD,60,188.68,1,5,1,2,128,55,3,18999
Lenovo Tab S8,lenovo,android,NULL,NULL,4,1.86,1,0,0,0,2,16,4290,0,8,Standard (4:3 or 5:4),HD+,60,283.02,1,8,1,1.6,NULL,55,4.5,12200
Lenovo Tab 2 A7-10 Tablet,lenovo,android,Helio,Helio MT382M,4,1.3,0,0,0,0,1,8,3450,0,7,Standard (4:3 or 5:4),SD,60,169.55,0,NULL,1,0.3,NULL,41,4.15,2999
Lenovo A8 Tablet (16GB+3G+WiFi),lenovo,android,NULL,NULL,4,1.3,1,0,0,0,1,16,4200,0,8,Standard (4:3 or 5:4),SD,60,188.68,1,5,1,2,32,50,4.15,9800
Lenovo Yoga 2 Pro 13.3inch Tablet (WiFi+3G+32GB),lenovo,android,Intel,Intel Z3745,4,1.86,0,0,0,0,2,32,9600,0,13.3,Widescreen (16:10),2K,60,220.84,1,8,1,1.6,64,61,4.6,18000
Lenovo S5000 Tablet (WiFi+3G+16GB),lenovo,android,Helio,Helio MT8389,4,1.2,1,0,0,0,1,16,3450,0,7,Widescreen (16:10),SD,60,215.63,1,5,1,1.6,64,48,4.3,11300
Lenovo A7-30 Tablet (WiFi+3G+8GB),lenovo,android,NULL,NULL,4,1.3,1,0,0,0,1,8,3500,0,7,Standard (4:3 or 5:4),SD,60,169.55,1,2,1,0.3,32,44,4,2354
Lenovo Yoga 2 10 inch Tablet (WiFi+3G+16GB),lenovo,other,NULL,NULL,4,1.2,0,0,0,0,1,16,9000,0,10.1,Standard (4:3 or 5:4),SD,60,149.45,1,5,1,1.6,64,51,3.7,28990
Lenovo Yoga 2 8 inch Tablet (WiFi+3G+16GB),lenovo,android,NULL,NULL,4,1.86,1,0,0,0,2,16,6400,0,8,Standard (4:3 or 5:4),HD+,60,283.02,1,8,1,1.6,64,58,4.5,21490
Lenovo Idea S2110 Tablet (16GB),lenovo,android,NULL,NULL,2,1.5,1,0,0,0,1,16,NULL,NULL,10.1,Widescreen (16:10),SD,60,149.45,1,5,1,1.3,NULL,49,4.45,23203
"Lenovo Miix 2 8 Tablet""",lenovo,other,NULL,NULL,4,NULL,0,0,0,0,2,32,NULL,NULL,8,Standard (4:3 or 5:4),SD,60,188.68,1,5,1,2,32,47,4.1,9999
Lenovo A3500 (3G+32GB),lenovo,android,Helio,Helio MT8382,4,1.3,1,0,0,0,1,32,3450,0,7,Standard (4:3 or 5:4),SD,60,215.63,1,5,1,2,32,52,3.25,15450
Lenovo A7-30 Tablet (WiFi+8GB),lenovo,android,Helio,Helio MT382M,4,1.3,1,0,0,0,1,8,3500,0,7,Standard (4:3 or 5:4),SD,60,169.55,1,2,1,0.3,32,42,3.95,7499
Lenovo A7-50 Tablet,lenovo,other,Helio,Helio MT8382,4,1.3,1,0,0,0,1,16,3450,0,7,Standard (4:3 or 5:4),SD,60,215.63,1,5,1,2,32,49,4.1,3094
Lenovo A10 Multimode Tablet,lenovo,android,NULL,NULL,1,1,0,0,0,0,0.5,16,NULL,NULL,7,Standard (4:3 or 5:4),SD,60,169.55,1,3.15,1,0.3,32,40,4,13950
Lenovo A1000L Tablet (8GB),lenovo,android,NULL,NULL,2,1,0,0,0,0,0.5,8,3500,0,NULL,Widescreen (16:10),SD,60,NULL,0,NULL,1,0.3,NULL,34,3.85,5780
Lenovo Yoga 8 B6000 Tablet (WiFi+3G+16GB),lenovo,android,NULL,NULL,4,1.2,1,0,0,0,1,16,6000,0,8,Widescreen (16:10),SD,60,188.68,1,5,1,1.6,64,49,4,14999
Lenovo Yoga 10 B8000 (3G+16GB),lenovo,android,NULL,NULL,4,1.2,1,0,0,0,1,16,9000,0,10.1,Widescreen (16:10),SD,60,149.45,1,5,1,1.6,64,49,4.3,12000
Lenovo IdeaTab S6000,lenovo,android,NULL,NULL,4,1.2,1,0,0,0,1,16,6350,0,10.1,Widescreen (16:10),SD,60,149.45,1,5,1,0.3,64,50,3.9,5999
Lenovo IdeaTab A3000,lenovo,android,NULL,NULL,4,1.2,1,0,0,0,1,16,3500,0,7,Standard (4:3 or 5:4),SD,60,169.55,1,5,1,0.3,32,49,4.25,7999
Lenovo IdeaTab Lynx K3011 (64GB),lenovo,android,NULL,NULL,2,1.8,0,0,0,0,2,64,6800,0,11.6,Widescreen (16:10),SD,60,135.09,0,NULL,1,2,NULL,57,3.15,29040
Lenovo S5000 Tablet (WiFi+16GB),lenovo,android,NULL,NULL,4,1.2,0,0,0,0,1,16,3450,0,7,Widescreen (16:10),SD,60,215.63,1,5,1,1.6,64,46,3.25,22000
Lenovo IdeaTab A1000,lenovo,other,NULL,NULL,2,1.2,1,0,0,0,1,4,3500,0,7,Standard (4:3 or 5:4),SD,60,169.55,0,NULL,1,0.3,NULL,39,4.2,4999
Lenovo ThinkPad Tablet 2,lenovo,other,NULL,NULL,1,1.8,1,0,0,0,2,64,NULL,NULL,10.1,Widescreen (16:10),SD,60,155.16,1,8,1,2,32,57,3.85,35000
Lenovo ThinkPad Tablet 1838RW9 WiFi+3G (64GB),lenovo,android,NULL,NULL,2,1,1,0,0,0,NULL,64,NULL,NULL,10.1,Widescreen (16:10),SD,60,149.45,1,5,1,2,1,50,3.95,22490
Lenovo ThinkPad Tablet 1838RY1 WiFi+3G (32GB),lenovo,android,NULL,NULL,2,1,1,0,0,0,NULL,32,NULL,NULL,10.1,Widescreen (16:10),SD,60,149.45,1,5,1,2,1,48,3.85,18849
Lenovo IdeaPad A1,lenovo,android,NULL,NULL,1,1,0,0,0,0,0.5,16,NULL,NULL,7,Standard (4:3 or 5:4),SD,60,169.55,1,3.15,1,0.3,32,40,3.95,11386
Lenovo IdeaPad K1 (WiFi+3G+32GB),lenovo,android,NULL,NULL,2,1,1,0,0,0,NULL,32,NULL,NULL,10.1,Widescreen (16:10),SD,60,149.45,1,5,1,2,32,49,2.95,30000
Lenovo IdeaPad A2107 (WiFi+16GB),lenovo,android,NULL,NULL,1,1,1,0,0,0,NULL,16,3550,0,7,Widescreen (16:10),SD,60,169.55,1,2,1,0.3,32,40,3.3,9477
Lenovo IdeaPad A2107 (WiFi+8GB),lenovo,android,NULL,NULL,1,1,1,0,0,0,NULL,8,3550,0,7,Widescreen (16:10),SD,60,169.55,1,2,1,0.3,32,38,2.95,9999
Apple iPad 11th Gen 2025 (Wi-Fi+ 128GB),apple,ios,Bionic,Bionic A16,6,3.46,0,0,0,0,6,128,7819,1,11,Standard (4:3 or 5:4),3K,60,261.26,1,12,1,12,NULL,74,4.25,34490
Apple iPad 10th Gen Tablet (Wi-Fi + 64GB),apple,ios,Bionic,Bionic A14,6,3.1,0,0,0,0,NULL,64,NULL,NULL,10.9,Standard (4:3 or 5:4),3K,60,263.66,1,12,1,12,NULL,64,4.35,27994
Apple iPad 11th Gen 2025 5G,apple,ios,Bionic,Bionic A16,6,3.46,1,1,0,0,6,128,7819,1,11,Standard (4:3 or 5:4),3K,60,261.26,1,12,1,12,NULL,82,4.05,47990
Apple iPad 9th Gen 10.2 2021 Tablet (Wi-Fi+256GB),apple,ios,Bionic,Bionic A13,6,2.65,0,0,0,0,NULL,256,NULL,NULL,10.2,Standard (4:3 or 5:4),3K,60,264.71,1,8,1,12,NULL,64,4.7,25994
Apple iPad Air 11 2025 (128GB+Wi-Fi),apple,ios,Bionic,Bionic M3,8,NULL,0,0,0,0,8,128,7819,1,11,Standard (4:3 or 5:4),3K,60,261.26,1,12,1,12,NULL,66,4.2,58490
Apple iPad Pro 13 2024 Tablet 5G (2TB + Nano Texture Glass),apple,ios,Bionic,Bionic M4,10,NULL,1,1,0,0,16,2,10538,1,13,Standard (4:3 or 5:4),WQHD+,120,264.62,1,12,1,12,NULL,81,4.5,249900
Apple iPad 11th Gen 2025 (Wi-Fi+ 256GB),apple,ios,Bionic,Bionic A16,6,3.46,0,0,0,0,6,256,7819,1,11,Standard (4:3 or 5:4),3K,60,261.26,1,12,1,12,NULL,76,4.35,43490
Apple iPad Pro 11 inch Tablet (Wi-Fi +256GB),apple,ios,Bionic,Bionic M4,9,NULL,0,0,0,0,8,256,8457,1,11,Standard (4:3 or 5:4),3K,120,267.2,1,12,1,12,NULL,70,4.45,91990
Apple iPad 12th Gen Tablet 5G,apple,ios,Bionic,Bionic A17,NULL,NULL,1,1,0,0,NULL,64,NULL,NULL,11,Standard (4:3 or 5:4),3K,60,261.26,1,12,1,12,NULL,65,4.25,59900
Apple iPad 10th Gen Tablet (Wi-Fi + 256GB),apple,ios,Bionic,Bionic A14,6,3.1,0,0,0,0,NULL,256,NULL,NULL,10.9,Standard (4:3 or 5:4),3K,60,263.66,1,12,1,12,NULL,68,4.15,34999
Apple iPad Air 13 2025 (Wi-Fi + 128GB),apple,ios,Bionic,Bionic M3,8,NULL,0,0,0,0,8,128,9889,0,13,Standard (4:3 or 5:4),WQHD+,60,262.65,1,12,1,12,NULL,67,4.3,77490
Apple iPad 11th Gen 2025 (5G +256GB),apple,ios,Bionic,Bionic A16,6,3.46,1,1,0,0,6,256,7819,1,11,Standard (4:3 or 5:4),3K,60,261.26,1,12,1,12,NULL,84,4.1,58490
Apple iPad 12th Gen Tablet (Wi-Fi + 256GB),apple,ios,Bionic,Bionic A17,NULL,NULL,0,0,0,0,NULL,256,NULL,NULL,11,Standard (4:3 or 5:4),3K,60,261.26,1,12,1,12,NULL,59,4.55,55900
Apple iPad 10th Gen Tablet,apple,ios,Bionic,Bionic A14,6,3.1,1,1,0,0,NULL,64,NULL,NULL,10.9,Standard (4:3 or 5:4),3K,60,263.66,1,12,1,12,NULL,75,4.45,44900
Apple iPad mini (2024),apple,ios,Bionic,Bionic A17 Pro,6,3.78,0,0,0,0,NULL,128,5078,0,8.3,Standard (4:3 or 5:4),WQXGA,60,326.61,1,12,1,12,NULL,71,4.4,47900
Apple iPad Air 5th Gen Tablet (Wi-Fi + 64GB),apple,ios,Bionic,Bionic M1,8,NULL,0,0,0,0,NULL,64,NULL,NULL,10.9,Standard (4:3 or 5:4),3K,60,263.66,1,12,1,12,NULL,54,4.25,47900
Apple iPad Pro 2025 Tablet 5G,apple,ios,Bionic,Bionic M5,NULL,NULL,1,1,0,0,NULL,256,NULL,NULL,13,Standard (4:3 or 5:4),WQHD+,120,264.62,1,12,1,12,NULL,73,4.35,149900
Apple iPad Air 13 2025 Tablet (5G + 256GB),apple,ios,Bionic,Bionic M3,8,NULL,1,1,0,0,8,256,9889,0,13,Standard (4:3 or 5:4),WQHD+,60,262.65,1,12,1,12,NULL,75,4.55,104900
Apple iPad Air 13 2025 Tablet (5G + 1TB),apple,ios,Bionic,Bionic M3,8,NULL,1,1,0,0,8,1024,9889,0,13,Standard (4:3 or 5:4),WQHD+,60,262.65,1,12,1,12,NULL,76,4.35,144900
Apple iPad 11th Gen 2025 (Wi-Fi+ 512GB),apple,ios,Bionic,Bionic A16,6,3.46,0,0,0,0,6,512,7819,1,11,Standard (4:3 or 5:4),3K,60,261.26,1,12,1,12,NULL,78,4.65,61990
Apple iPad Air 11 2025 Tablet (1TB + 5G),apple,ios,Bionic,Bionic M3,8,NULL,1,1,0,0,8,1024,7819,1,11,Standard (4:3 or 5:4),3K,60,261.26,1,12,1,12,NULL,76,4.5,124900
Apple iPad Air 11 2025 Tablet (256GB + 5G),apple,ios,Bionic,Bionic M3,8,NULL,1,1,0,0,8,256,7819,1,11,Standard (4:3 or 5:4),3K,60,261.26,1,12,1,12,NULL,74,4.65,84900
Apple iPad 11th Gen 2025 (5G + 512GB),apple,ios,Bionic,Bionic A16,6,3.46,1,1,0,0,6,512,7819,1,11,Standard (4:3 or 5:4),3K,60,261.26,1,12,1,12,NULL,86,4.4,79900
Apple iPad Air 13 2025 (Wi-Fi + 512GB),apple,ios,Bionic,Bionic M3,8,NULL,0,0,0,0,8,512,9889,0,13,Standard (4:3 or 5:4),WQHD+,60,262.65,1,12,1,12,NULL,68,4.05,106490
Apple iPad Air 13 2025 Tablet (5G + 512GB),apple,ios,Bionic,Bionic M3,8,NULL,1,1,0,0,8,512,9889,0,13,Standard (4:3 or 5:4),WQHD+,60,262.65,1,12,1,12,NULL,75,4.55,124900
Apple iPad Air 11 2025 (256GB+Wi-Fi),apple,ios,Bionic,Bionic M3,8,NULL,0,0,0,0,8,256,7819,1,11,Standard (4:3 or 5:4),3K,60,261.26,1,12,1,12,NULL,67,4.35,67990
Apple iPad Air 11 2025 Tablet 5G,apple,ios,Bionic,Bionic M3,8,NULL,1,1,0,0,8,128,7819,1,11,Standard (4:3 or 5:4),3K,60,261.26,1,12,1,12,NULL,74,4.4,72490
Apple iPad Mini 5G 2024 (512GB),apple,ios,Bionic,Bionic A17 Pro,6,3.78,1,1,0,0,NULL,512,5078,0,8.3,Standard (4:3 or 5:4),WQXGA,60,326.61,1,12,1,12,NULL,82,4.6,94900
Apple iPad mini 2024 (256GB),apple,ios,Bionic,Bionic A17 Pro,6,3.78,0,0,0,0,NULL,256,5078,0,8.3,Standard (4:3 or 5:4),WQXGA,60,326.61,1,12,1,12,NULL,73,4.65,59900
Apple iPad 12th Gen  Tablet (Wi-Fi + 64GB),apple,ios,Bionic,Bionic A17,NULL,NULL,0,0,0,0,NULL,64,NULL,NULL,11,Standard (4:3 or 5:4),3K,60,261.26,1,12,1,12,NULL,55,4,45900
Apple iPad Pro 13 2024 Tablet (Wi-Fi + 512GB),apple,ios,Bionic,Bionic M4,9,NULL,0,0,0,0,8,512,10538,1,13,Standard (4:3 or 5:4),WQHD+,120,264.62,1,12,1,12,NULL,71,4.3,143990
Apple iPad Air 13 2024 Tablet (256GB + Wi-FI),apple,ios,Bionic,Bionic M2,8,NULL,0,0,0,0,8,256,9889,1,13,Standard (4:3 or 5:4),WQHD+,60,262.65,1,12,1,12,NULL,69,4.35,73999
Apple iPad Air 13 2024 Tablet (128GB + Wi-FI),apple,ios,Bionic,Bionic M2,8,NULL,0,0,0,0,8,128,9889,1,13,Standard (4:3 or 5:4),WQHD+,60,262.65,1,12,1,12,NULL,68,4.6,63999
Apple iPad Pro 13 2024 Tablet (Wi-Fi + 256GB),apple,ios,Bionic,Bionic M4,9,NULL,0,0,0,0,8,256,10538,1,13,Standard (4:3 or 5:4),WQHD+,120,264.62,1,12,1,12,NULL,70,4.05,124490
Apple iPad Pro 13 2024 Tablet 5G (1TB + Nano Texture Glass),apple,ios,Bionic,Bionic M4,10,NULL,1,1,0,0,16,1024,10538,1,13,Standard (4:3 or 5:4),WQHD+,120,264.62,1,12,1,12,NULL,80,4,219900
Apple iPad Pro 13 2024 Tablet (Wi-Fi + 1TB + Standard Glass),apple,ios,Bionic,Bionic M4,10,NULL,0,0,0,0,16,1024,10538,1,13,Standard (4:3 or 5:4),WQHD+,120,264.62,1,12,1,12,NULL,73,4.35,189900
Apple iPad Pro 13 2024 Tablet 5G (2TB + Standard Glass),apple,ios,Bionic,Bionic M4,10,NULL,1,1,0,0,16,2,10538,1,13,Standard (4:3 or 5:4),WQHD+,120,264.62,1,12,1,12,NULL,81,4,249900
Apple iPad Air 13 2024 Tablet 5G,apple,ios,Bionic,Bionic M2,8,NULL,1,1,0,0,8,128,9889,1,13,Standard (4:3 or 5:4),WQHD+,60,262.65,1,12,1,12,NULL,75,4.3,78999
Apple iPad Air 13 2024 Tablet 5G (1TB),apple,ios,Bionic,Bionic M2,8,NULL,1,1,0,0,8,1024,9889,1,13,Standard (4:3 or 5:4),WQHD+,60,262.65,1,12,1,12,NULL,77,4.35,118999
Apple iPad Pro 11 inch Tablet 5G (1TB + Nano Texture Glass),apple,ios,Bionic,Bionic M4,10,NULL,1,1,0,0,16,1024,8457,1,11,Standard (4:3 or 5:4),3K,120,267.2,1,12,1,12,NULL,80,4.5,182900
Apple iPad Air 2024 11 inch Tablet 5G (512GB),apple,ios,Bionic,Bionic M2,8,NULL,1,1,0,0,8,512,7819,1,11,Standard (4:3 or 5:4),3K,60,261.26,1,12,1,12,NULL,77,4.45,100900
Apple iPad Pro 13 2024 Tablet 5G,apple,ios,Bionic,Bionic M4,9,NULL,1,1,0,0,8,256,10538,1,13,Standard (4:3 or 5:4),WQHD+,120,264.62,1,12,1,12,NULL,78,4.3,149900
Apple iPad Air 11 2024 Tablet 5G,apple,ios,Bionic,Bionic M2,8,NULL,1,1,0,0,8,128,7819,1,11,Standard (4:3 or 5:4),3K,60,261.26,1,12,1,12,NULL,75,4.15,62999
Apple iPad Pro 11 2022 Tablet (512GB),apple,ios,Bionic,Bionic M2,8,NULL,1,1,0,0,8,512,7538,18,11,Standard (4:3 or 5:4),3K,60,264.81,3,12,1,12,NULL,80,4.15,105900
Apple iPad Pro 12.9 2022 Tablet (1TB),apple,ios,Bionic,Bionic M2,8,NULL,1,1,0,0,16,1024,10758,18,12.9,Standard (4:3 or 5:4),WQHD+,60,264.68,3,12,1,12,NULL,83,4.4,139900
Apple iPad Pro 12.9 2022 Tablet (2TB),apple,ios,Bionic,Bionic M2,8,NULL,1,1,0,0,16,2,10758,18,12.9,Standard (4:3 or 5:4),WQHD+,60,264.68,3,12,1,12,NULL,84,4.65,228900
Apple iPad Pro 12.9 2022 Tablet (Wi-Fi + 2TB),apple,ios,Bionic,Bionic M2,8,NULL,0,0,0,0,16,2,10758,18,12.9,Standard (4:3 or 5:4),WQHD+,60,264.68,3,12,1,12,NULL,75,4.15,158900
Apple iPad Pro 12.9 2022 Tablet (256GB),apple,ios,Bionic,Bionic M2,8,NULL,1,1,0,0,8,256,10758,18,12.9,Standard (4:3 or 5:4),WQHD+,60,264.68,3,12,1,12,NULL,80,4.2,110900
Apple iPad Pro 11 2022 Tablet (1TB),apple,ios,Bionic,Bionic M2,8,NULL,1,1,0,0,16,1024,7538,18,11,Standard (4:3 or 5:4),3K,60,264.81,3,12,1,12,NULL,82,4.2,124900
Apple iPad 10th Gen Tablet (256GB),apple,ios,Bionic,Bionic A14,6,3.1,1,1,0,0,NULL,256,NULL,NULL,10.9,Standard (4:3 or 5:4),3K,60,263.66,1,12,1,12,NULL,78,4.25,49999
Apple iPad 9th Gen 10.2 2021 Tablet (256GB),apple,ios,Bionic,Bionic A13,6,2.65,1,0,0,0,NULL,256,NULL,NULL,10.2,Standard (4:3 or 5:4),3K,60,264.71,1,8,1,12,NULL,72,4.75,58400
Apple iPad 9th Gen 10.2 2021 Tablet (Wi-Fi+64GB),apple,ios,Bionic,Bionic A13,6,2.65,0,0,0,0,NULL,64,NULL,NULL,10.2,Standard (4:3 or 5:4),3K,60,264.71,1,8,1,12,NULL,61,4.7,30400
Apple iPad Mini 6th Gen 2021 Tablet (Wi-Fi+256GB),apple,ios,Bionic,Bionic A15,6,NULL,0,0,0,0,NULL,256,NULL,NULL,8.3,Balanced (3:2),WQXGA,60,326.61,1,12,1,12,NULL,61,4.25,55900
Apple iPad Mini 6th Gen 2021 Tablet (Wi-Fi+64GB),apple,ios,Bionic,Bionic A15,6,NULL,0,0,0,0,NULL,64,NULL,NULL,8.3,Balanced (3:2),WQXGA,60,326.61,1,12,1,12,NULL,55,4.55,47900
Apple iPad 9th Gen 10.2 2021 Tablet,apple,ios,Bionic,Bionic A13,6,2.65,1,0,0,0,NULL,64,NULL,NULL,10.2,Standard (4:3 or 5:4),3K,60,264.71,1,8,1,12,NULL,69,4.6,43400
Apple iPad Air 11 2025 (512GB+Wi-Fi),apple,ios,Bionic,Bionic M3,8,NULL,0,0,0,0,8,512,7819,1,11,Standard (4:3 or 5:4),3K,60,261.26,1,12,1,12,NULL,68,4,86990
Apple iPad Air 11 2025 (1TB+Wi-Fi),apple,ios,Bionic,Bionic M3,8,NULL,0,0,0,0,8,1024,7819,1,11,Standard (4:3 or 5:4),3K,60,261.26,1,12,1,12,NULL,69,4.05,109900
Apple iPad Air 13 2025 (Wi-Fi + 256GB),apple,ios,Bionic,Bionic M3,8,NULL,0,0,0,0,8,256,9889,0,13,Standard (4:3 or 5:4),WQHD+,60,262.65,1,12,1,12,NULL,68,4.55,86990
Apple iPad Air 13 2025 (Wi-Fi + 1TB),apple,ios,Bionic,Bionic M3,8,NULL,0,0,0,0,8,1024,9889,0,13,Standard (4:3 or 5:4),WQHD+,60,262.65,1,12,1,12,NULL,69,4.1,129900
Apple iPad Air 13 2025 Tablet 5G,apple,ios,Bionic,Bionic M3,8,NULL,1,1,0,0,8,128,9889,0,13,Standard (4:3 or 5:4),WQHD+,60,262.65,1,12,1,12,NULL,74,4.4,91990
Apple iPad Mini 5G 2024,apple,ios,Bionic,Bionic A17 Pro,6,3.78,0,0,0,0,NULL,128,5078,0,8.3,Standard (4:3 or 5:4),WQXGA,60,326.61,1,12,1,12,NULL,73,4.05,64900
Apple iPad mini 2024 (512GB),apple,ios,Bionic,Bionic A17 Pro,6,3.78,0,0,0,0,NULL,512,5078,0,8.3,Standard (4:3 or 5:4),WQXGA,60,326.61,1,12,1,12,NULL,74,4.15,79900
Apple iPad Pro 11 inch Tablet 5G (2TB + Standard Glass),apple,ios,Bionic,Bionic M4,10,NULL,1,1,0,0,16,2,8457,1,11,Standard (4:3 or 5:4),3K,120,267.2,1,12,1,12,NULL,80,4.2,211900
Apple iPad Pro 13 2024 Tablet 5G (1TB + Standard Glass),apple,ios,Bionic,Bionic M4,10,NULL,1,1,0,0,16,1024,10538,1,13,Standard (4:3 or 5:4),WQHD+,120,264.62,1,12,1,12,NULL,80,4.75,209900
Apple iPad Pro 11 inch Tablet 5G (1TB + Standard Glass),apple,ios,Bionic,Bionic M4,10,NULL,1,1,0,0,16,1024,8457,1,11,Standard (4:3 or 5:4),3K,120,267.2,1,12,1,12,NULL,80,4.05,172900
Apple iPad Air 13 2024 Tablet 5G (512GB),apple,ios,Bionic,Bionic M2,8,NULL,1,1,0,0,8,512,9889,1,13,Standard (4:3 or 5:4),WQHD+,60,262.65,1,12,1,12,NULL,76,4.1,108999
Apple iPad Air 13 2024 Tablet (1TB + Wi-FI),apple,ios,Bionic,Bionic M2,8,NULL,0,0,0,0,8,1024,9889,1,13,Standard (4:3 or 5:4),WQHD+,60,262.65,1,12,1,12,NULL,70,4.75,114994
Apple iPad Air 13 2024 Tablet (512GB + Wi-FI),apple,ios,Bionic,Bionic M2,8,NULL,0,0,0,0,8,512,9889,1,13,Standard (4:3 or 5:4),WQHD+,60,262.65,1,12,1,12,NULL,69,4.1,105900
Apple iPad Air 13 2024 Tablet 5G (256GB),apple,ios,Bionic,Bionic M2,8,NULL,1,1,0,0,8,256,9889,1,13,Standard (4:3 or 5:4),WQHD+,60,262.65,1,12,1,12,NULL,76,4.1,104900
Apple iPad Pro 11 inch Tablet 5G (2TB + Nano Texture Glass),apple,ios,Bionic,Bionic M4,10,NULL,1,1,0,0,16,2,8457,1,11,Standard (4:3 or 5:4),3K,120,267.2,1,12,1,12,NULL,80,4.55,229900
Apple iPad Pro 11 inch Tablet (Wi-Fi + 1TB + Nano Texture Glass),apple,ios,Bionic,Bionic M4,10,NULL,0,0,0,0,16,1024,8457,1,11,Standard (4:3 or 5:4),3K,120,267.2,1,12,1,12,NULL,73,4.75,163900
Apple iPad Pro 13 2024 Tablet (Wi-Fi + 2TB + Standard Glass),apple,ios,Bionic,Bionic M4,10,NULL,0,0,0,0,16,2,10538,1,13,Standard (4:3 or 5:4),WQHD+,120,264.62,1,12,1,12,NULL,74,4.2,229900
Apple iPad Pro 11 inch Tablet (Wi-Fi + 2TB + Nano Texture Glass),apple,ios,Bionic,Bionic M4,10,NULL,0,0,0,0,16,2,8457,1,11,Standard (4:3 or 5:4),3K,120,267.2,1,12,1,12,NULL,73,4.6,201900
Apple iPad Pro 12.9 2022 Tablet (Wi-Fi + 1TB),apple,ios,Bionic,Bionic M2,8,NULL,0,0,0,0,16,1024,10758,18,12.9,Standard (4:3 or 5:4),WQHD+,60,264.68,3,12,1,12,NULL,74,4.1,124900
Apple iPad Pro 11 2022 Tablet (Wi-Fi + 512GB),apple,ios,Bionic,Bionic M2,8,NULL,0,0,0,0,8,512,7538,18,11,Standard (4:3 or 5:4),3K,60,264.81,3,12,1,12,NULL,71,4,96900
Apple iPad Pro 12.9 2022 Tablet (512GB),apple,ios,Bionic,Bionic M2,8,NULL,1,1,0,0,8,512,10758,18,12.9,Standard (4:3 or 5:4),WQHD+,60,264.68,3,12,1,12,NULL,81,4.55,151900
Apple iPad Pro 11 2022 Tablet (Wi-Fi + 2TB),apple,ios,Bionic,Bionic M2,8,NULL,0,0,0,0,16,2,7538,18,11,Standard (4:3 or 5:4),3K,60,264.81,3,12,1,12,NULL,74,4.45,134900
Apple iPad Pro 11 2022 Tablet (Wi-Fi + 1TB),apple,ios,Bionic,Bionic M2,8,NULL,0,0,0,0,16,1024,7538,18,11,Standard (4:3 or 5:4),3K,60,264.81,3,12,1,12,NULL,73,4.55,115900
Apple iPad Mini 6th Gen 2021 5G Tablet (256GB),apple,ios,Bionic,Bionic A15,6,NULL,1,1,0,0,NULL,256,NULL,NULL,8.3,Balanced (3:2),WQXGA,60,326.61,1,12,1,12,NULL,71,4.05,69900
Apple iPad Mini 6th Gen 2021 5G Tablet,apple,ios,Bionic,Bionic A15,6,NULL,1,1,0,0,NULL,64,NULL,NULL,8.3,Balanced (3:2),WQXGA,60,326.61,1,12,1,12,NULL,68,4.45,52900
Apple iPad Pro 11 2021 Tablet (1TB),apple,ios,Bionic,Bionic M1,8,NULL,1,1,0,0,16,1024,7538,18,11,Standard (4:3 or 5:4),3K,60,264.81,3,12,1,12,NULL,82,4.2,143900
Apple iPad Pro 11 2021 Tablet (2TB),apple,ios,Bionic,Bionic M1,8,NULL,1,1,0,0,16,2,7538,18,11,Standard (4:3 or 5:4),3K,60,264.81,3,12,1,12,NULL,83,4.65,177900
Apple iPad Pro 12.9 2021 Tablet (Wi-Fi + 2TB),apple,ios,Bionic,Bionic M1,8,NULL,0,0,0,0,16,2,NULL,NULL,12.9,Standard (4:3 or 5:4),WQHD+,60,264.68,3,12,1,12,NULL,74,4.3,191900
Apple iPad Pro 11 2021 Tablet (Wi-Fi + 2TB),apple,ios,Bionic,Bionic M1,8,NULL,0,0,0,0,16,2,7538,18,11,Standard (4:3 or 5:4),3K,60,264.81,3,12,1,12,NULL,74,4.75,164900
Apple iPad Pro 12.9 2021 Tablet (Wi-Fi + 1TB),apple,ios,Bionic,Bionic M1,8,NULL,0,0,0,0,16,1024,NULL,NULL,12.9,Standard (4:3 or 5:4),WQHD+,60,264.68,3,12,1,12,NULL,74,4.65,156900
Apple iPad Pro 12.9 2021 Tablet (1TB),apple,ios,Bionic,Bionic M1,8,NULL,1,1,0,0,16,1024,NULL,NULL,12.9,Standard (4:3 or 5:4),WQHD+,60,264.68,3,12,1,12,NULL,83,4.4,169900
Apple iPad Mini 2019 (WiFi+4G+256GB),apple,ios,Bionic,Bionic A12,6,2.5,1,0,0,0,NULL,256,5124,0,7.9,Standard (4:3 or 5:4),WQXGA,60,324.05,1,8,1,7,NULL,66,4.55,58900
Apple iPad Mini 2019 (WiFi+4G+64GB),apple,ios,Bionic,Bionic A12,6,2.5,1,0,0,0,NULL,64,5124,0,7.9,Standard (4:3 or 5:4),WQXGA,60,324.05,1,8,1,7,NULL,62,4.05,45900
Apple iPad Mini 2019 (WiFi + 256GB),apple,ios,NULL,NULL,NULL,NULL,0,0,0,0,NULL,256,NULL,NULL,7.9,Standard (4:3 or 5:4),WQXGA,60,324.05,1,8,1,7,NULL,50,4.65,47900
Apple iPad Air 2024 11 inch Tablet (Wi-Fi + 128GB),apple,ios,Bionic,Bionic M2,8,NULL,0,0,0,0,8,128,7819,1,11,Standard (4:3 or 5:4),3K,60,261.26,1,12,1,12,NULL,67,4.65,49999
Apple iPad Pro 11 inch 2024 Tablet 5G,apple,ios,Bionic,Bionic M4,9,NULL,1,1,0,0,8,256,8457,1,11,Standard (4:3 or 5:4),3K,120,267.2,1,12,1,12,NULL,77,4.25,109900
Apple iPad Air 2024 11 inch Tablet (256GB + Wi-Fi ),apple,ios,Bionic,Bionic M2,8,NULL,0,0,0,0,8,256,7819,1,11,Standard (4:3 or 5:4),3K,60,261.26,1,12,1,12,NULL,67,4.65,57999
Apple iPad Pro 11 2022 Tablet (Wi-Fi + 128GB),apple,ios,Bionic,Bionic M2,8,NULL,0,0,0,0,8,128,7538,18,11,Standard (4:3 or 5:4),3K,60,264.81,3,12,1,12,NULL,70,4.65,71900
Apple iPad Pro 12.9 2022 Tablet (Wi-Fi + 256GB),apple,ios,Bionic,Bionic M2,8,NULL,0,0,0,0,8,256,10758,18,12.9,Standard (4:3 or 5:4),WQHD+,60,264.68,3,12,1,12,NULL,71,4.3,96900
Apple iPad Pro 10th Gen Tablet,apple,ios,Bionic,Bionic M2,8,NULL,1,1,0,0,8,256,7938,18,11,Standard (4:3 or 5:4),3K,60,264.81,3,12,1,12,NULL,79,4.05,106990
Apple iPad Air 5th Gen Tablet (Wi-Fi + 256GB),apple,ios,Bionic,Bionic M1,8,NULL,0,0,0,0,NULL,256,NULL,NULL,10.9,Standard (4:3 or 5:4),3K,60,263.66,1,12,1,12,NULL,57,4.35,34994
Apple iPad Pro 11 2021 Tablet (256GB),apple,ios,Bionic,Bionic M1,8,NULL,1,1,0,0,8,256,7538,18,11,Standard (4:3 or 5:4),3K,60,264.81,3,12,1,12,NULL,79,4.75,85394
Apple iPad Mini 6,apple,ios,Bionic,Bionic A15,6,3.22,1,0,0,0,4,64,NULL,NULL,7.9,Standard (4:3 or 5:4),WQXGA,60,324.05,1,16,1,8,0,76,4.4,43990
Apple iPad Pro 12.9 2018 (WiFi+4G+1TB),apple,ios,Bionic,Bionic A12X,8,2.49,1,0,0,0,4,1024,9720,0,12.9,Standard (4:3 or 5:4),WQHD+,60,264.68,1,12,1,7,0,83,4.65,171900
Apple iPad 9.7 2017 (WiFi+32GB),apple,ios,Bionic,Bionic,2,1.84,0,0,0,0,2,32,8827,0,9.7,Standard (4:3 or 5:4),WQXGA,60,263.92,1,8,1,1.2,NULL,54,4.4,24900
Apple iPad Pro 9.7 2016 (WiFi+Cellular+32GB),apple,ios,Bionic,Bionic,2,2.16,1,0,1,0,2,32,7306,0,9.7,Standard (4:3 or 5:4),WQXGA,60,263.92,1,12,1,5,0,64,4.25,61900
Apple iPad Mini 4 (WiFi+Cellular+128GB),apple,ios,Bionic,Bionic,2,1.5,1,0,0,0,2,128,5124,0,7.9,Standard (4:3 or 5:4),WQXGA,60,324.05,1,8,1,1.2,0,64,4.1,45900
Apple iPad Air 2 (WiFi+Cellular+16GB),apple,ios,NULL,NULL,3,1.5,1,0,0,0,2,16,8600,0,9.69,Standard (4:3 or 5:4),WQXGA,60,264.19,1,8,1,1.2,NULL,59,4.35,39999
Apple iPad 4 with Retina Display (4th Generation) (WiFi+Cellular+32GB),apple,ios,NULL,NULL,2,1.4,1,0,0,0,1,32,560,0,9.69,Standard (4:3 or 5:4),WQXGA,60,264.19,1,5,1,1.2,0,57,4.55,26799
Apple iPad 3 WiFi+Cellular (64GB),apple,ios,NULL,NULL,2,1,1,0,0,0,1,64,560,0,9.69,Standard (4:3 or 5:4),WQXGA,60,264.19,1,5,1,0.3,0,59,4.45,39500
Apple iPad 2 WiFi+3G (16GB),apple,ios,NULL,NULL,2,1,1,0,0,0,0.5,16,6930,0,9.69,Standard (4:3 or 5:4),SD,60,132.09,1,0.7,1,0.3,0,45,3.95,20999
Apple iPad 2 WiFi (16GB),apple,ios,NULL,NULL,2,1,0,0,0,0,0.5,16,6930,0,9.69,Standard (4:3 or 5:4),SD,60,132.09,1,0.7,1,0.3,0,41,4.1,24990
Apple iPad Pro 11 2022 Tablet,apple,ios,Bionic,Bionic M2,8,NULL,1,1,0,0,8,128,7538,18,11,Standard (4:3 or 5:4),3K,60,264.81,3,12,1,12,NULL,78,4,86594
Apple iPad Pro 12.9 2022 Tablet (Wi-Fi + 128GB),apple,ios,Bionic,Bionic M2,8,NULL,0,0,0,0,8,128,10758,18,12.9,Standard (4:3 or 5:4),WQHD+,60,264.68,3,12,1,12,NULL,71,4.6,86900
Apple iPad Pro 11 2022 Tablet (Wi-Fi + 256GB),apple,ios,Bionic,Bionic M2,8,NULL,0,0,0,0,8,256,7538,18,11,Standard (4:3 or 5:4),3K,60,264.81,3,12,1,12,NULL,70,4.75,81900
Apple iPad Pro 12.9 2022 Tablet (Wi-Fi + 512GB),apple,ios,Bionic,Bionic M2,8,NULL,0,0,0,0,8,512,10758,18,12.9,Standard (4:3 or 5:4),WQHD+,60,264.68,3,12,1,12,NULL,72,4.6,105849
Apple iPad Air 5th Gen 5G Tablet (256GB),apple,ios,Bionic,Bionic M1,8,NULL,1,1,0,0,8,256,7730,20,10.9,Standard (4:3 or 5:4),3K,60,263.66,1,12,1,12,NULL,76,4.6,70900
Apple iPad Pro 11 2021 Tablet (Wi-Fi + 256GB),apple,ios,Bionic,Bionic M1,8,NULL,0,0,0,0,8,256,7538,18,11,Standard (4:3 or 5:4),3K,60,264.81,3,12,1,12,NULL,70,4.3,67594
Apple iPad Pro 11 2021 Tablet (Wi-Fi + 128GB),apple,ios,Bionic,Bionic M1,8,NULL,0,0,0,0,8,128,7538,18,11,Standard (4:3 or 5:4),3K,60,264.81,3,12,1,12,NULL,69,4.45,67199
Apple iPad Pro 12.9 2021 Tablet (Wi-Fi + 128GB),apple,ios,Bionic,Bionic M1,8,NULL,0,0,0,0,8,128,NULL,NULL,12.9,Standard (4:3 or 5:4),WQHD+,60,264.68,3,12,1,12,NULL,70,4.5,99900
Apple iPad Pro 12.9 2021 Tablet (2TB),apple,ios,Bionic,Bionic M1,8,NULL,1,1,0,0,16,2,NULL,NULL,12.9,Standard (4:3 or 5:4),WQHD+,60,264.68,3,12,1,12,NULL,83,4.1,173999
Apple iPad Pro 12.9 2021 Tablet (Wi-Fi + 512GB),apple,ios,Bionic,Bionic M1,8,NULL,0,0,0,0,8,512,NULL,NULL,12.9,Standard (4:3 or 5:4),WQHD+,60,264.68,3,12,1,12,NULL,72,4,109999
Apple iPad Pro 12.9 2021 Tablet (Wi-Fi + 256GB),apple,ios,Bionic,Bionic M1,8,NULL,0,0,0,0,8,256,NULL,NULL,12.9,Standard (4:3 or 5:4),WQHD+,60,264.68,3,12,1,12,NULL,71,4.25,108894
Apple iPad Pro 12.9 2021 Tablet,apple,ios,Bionic,Bionic M1,8,NULL,1,1,0,0,8,128,NULL,NULL,12.9,Standard (4:3 or 5:4),WQHD+,60,264.68,3,12,1,12,NULL,79,4.7,89999
Apple iPad Pro 11 2021 Tablet (512GB),apple,ios,Bionic,Bionic M1,8,NULL,1,1,0,0,8,512,7538,18,11,Standard (4:3 or 5:4),3K,60,264.81,3,12,1,12,NULL,80,4.3,108490
Apple iPad Pro 11 2021 Tablet (Wi-Fi + 512GB),apple,ios,Bionic,Bionic M1,8,NULL,0,0,0,0,8,512,7538,18,11,Standard (4:3 or 5:4),3K,60,264.81,3,12,1,12,NULL,71,4.15,86894
Apple iPad Pro 12.9 2021 Tablet (256GB),apple,ios,Bionic,Bionic M1,8,NULL,1,1,0,0,8,256,NULL,NULL,12.9,Standard (4:3 or 5:4),WQHD+,60,264.68,3,12,1,12,NULL,80,4,107994
Apple iPad Pro 11 2021 Tablet (Wi-Fi + 1TB),apple,ios,Bionic,Bionic M1,8,NULL,0,0,0,0,16,1024,7538,18,11,Standard (4:3 or 5:4),3K,60,264.81,3,12,1,12,NULL,73,4.3,129292
Apple iPad Pro 12.9 2021 Tablet (512GB),apple,ios,Bionic,Bionic M1,8,NULL,1,1,0,0,8,512,NULL,NULL,12.9,Standard (4:3 or 5:4),WQHD+,60,264.68,3,12,1,12,NULL,81,4.05,119999
Apple iPad Pro 11 2021 Tablet,apple,ios,Bionic,Bionic M1,8,NULL,1,1,0,0,8,128,7538,18,11,Standard (4:3 or 5:4),3K,60,264.81,3,12,1,12,NULL,78,4.75,81590
Apple iPad Air 4 2020 Tablet (WiFi+256GB),apple,ios,Bionic,Bionic A14,6,NULL,0,0,0,0,NULL,256,NULL,NULL,10.9,Standard (4:3 or 5:4),3K,60,263.66,1,12,1,7,NULL,55,4.45,62400
Apple iPad 8th Gen 10.2 2020 Tablet (WiFi+128GB),apple,ios,Bionic,Bionic A12,6,2.5,0,0,0,0,3,128,NULL,NULL,10.2,Standard (4:3 or 5:4),3K,60,264.71,1,8,1,1.2,NULL,69,4.2,36790
Apple iPad 8th Gen 10.2 2020 Tablet,apple,ios,Bionic,Bionic A12,6,2.5,1,0,0,0,3,32,NULL,NULL,10.2,Standard (4:3 or 5:4),3K,60,264.71,1,8,1,1.2,NULL,75,4.35,40690
Apple iPad Pro 12.9 2020 Tablet (Wi-Fi + 256GB),apple,ios,Bionic,Bionic A12Z,8,2.5,0,0,0,0,6,256,NULL,NULL,12.9,Standard (4:3 or 5:4),WQHD+,120,264.68,2,12,1,7,NULL,80,4.4,94900
Apple iPad Pro 12.9 2020 Tablet (Wi-Fi + 512GB),apple,ios,Bionic,Bionic A12Z,8,2.5,0,0,0,0,6,512,NULL,NULL,12.9,Standard (4:3 or 5:4),WQHD+,120,264.68,2,12,1,7,NULL,81,4.05,78748
Apple iPad Pro 12.9 2020 Tablet (Wi-Fi + 128GB),apple,ios,Bionic,Bionic A12Z,8,2.5,0,0,0,0,6,128,NULL,NULL,12.9,Standard (4:3 or 5:4),WQHD+,120,264.68,2,12,1,7,NULL,79,4.3,76494
Apple iPad Pro 12.9 2020 Tablet (Wi-Fi + 1TB),apple,ios,Bionic,Bionic A12Z,8,2.5,0,0,0,0,6,1024,NULL,NULL,12.9,Standard (4:3 or 5:4),WQHD+,120,264.68,2,12,1,7,NULL,81,4.7,130900
Apple iPad Pro 11 2020 Tablet (Wi-Fi + 1TB),apple,ios,Bionic,Bionic A12Z,8,2.5,0,0,0,0,6,1024,NULL,NULL,11,Balanced (3:2),3K,60,264.81,2,12,1,7,NULL,78,4.3,53999
Apple iPad Pro 11 2020 Tablet (Wi-Fi + 256GB),apple,ios,Bionic,Bionic A12Z,8,2.5,0,0,0,0,6,256,NULL,NULL,11,Balanced (3:2),3K,60,264.81,2,12,1,7,NULL,77,4.05,65494
Apple iPad Pro 11 2020 Tablet (Wi-Fi + 128GB),apple,ios,Bionic,Bionic A12Z,8,2.5,0,0,0,0,6,128,NULL,NULL,11,Balanced (3:2),3K,60,264.81,2,12,1,7,NULL,76,4,63191
Apple iPad Pro 11 2020 Tablet (256GB),apple,ios,Bionic,Bionic A12Z,8,2.5,1,0,0,0,6,256,NULL,NULL,11,Standard (4:3 or 5:4),3K,120,264.81,2,12,1,7,NULL,84,4.5,80690
Apple iPad Pro 12.9 2020 Tablet (512GB),apple,ios,Bionic,Bionic A12Z,8,2.5,1,0,0,0,6,512,NULL,NULL,12.9,Standard (4:3 or 5:4),WQHD+,120,264.68,2,12,1,7,NULL,88,4,130900
Apple iPad Pro 12.9 2020 Tablet (256GB),apple,ios,Bionic,Bionic A12Z,8,2.5,1,0,0,0,6,256,NULL,NULL,12.9,Standard (4:3 or 5:4),WQHD+,120,264.68,2,12,1,7,NULL,88,4.6,99900
Apple iPad Pro 11 2020 Tablet (512GB),apple,ios,Bionic,Bionic A12Z,8,2.5,1,0,0,0,6,512,NULL,NULL,11,Standard (4:3 or 5:4),3K,120,264.81,2,12,1,7,NULL,86,4.45,103900
Apple iPad Pro 11 2020 Tablet (Wi-Fi + 512GB),apple,ios,Bionic,Bionic A12Z,8,2.5,0,0,0,0,6,512,NULL,NULL,11,Balanced (3:2),3K,60,264.81,2,12,1,7,NULL,77,4.05,84090
Apple iPad Pro 11 (2020),apple,ios,Bionic,Bionic A12Z,8,2.5,1,0,0,0,6,128,NULL,NULL,11,Standard (4:3 or 5:4),3K,120,264.81,2,12,1,7,NULL,83,3.75,73090
Apple iPad Pro 12.9 (2020),apple,ios,Bionic,Bionic A12Z,8,2.5,1,0,0,0,6,128,NULL,NULL,12.9,Standard (4:3 or 5:4),WQHD+,120,264.68,2,12,1,7,NULL,87,4.5,103900
Apple iPad 10.2 Tablet (Wi-Fi + 32GB),apple,ios,Other,Other,4,2.34,0,0,0,0,3,32,8827,0,10.2,Standard (4:3 or 5:4),3K,60,264.71,1,8,1,1.2,NULL,62,4.7,27000
Apple iPad Pro 12.9 2018 (WiFi+4G+512GB),apple,ios,Bionic,Bionic A12X,8,2.49,1,0,0,0,4,512,9720,0,12.9,Standard (4:3 or 5:4),WQHD+,60,264.68,1,12,1,7,0,82,4.55,135900
Apple iPad 10.2 Tablet (Wi-Fi+128GB),apple,ios,Other,Other,4,2.34,0,0,0,0,3,128,8827,0,10.2,Standard (4:3 or 5:4),3K,60,264.71,1,8,1,1.2,NULL,66,4.4,29900
Apple iPad Air 2019 (WiFi+4GB+256GB),apple,ios,Bionic,Bionic A12,6,2.49,1,0,0,0,3,256,NULL,NULL,10.5,Standard (4:3 or 5:4),3K,60,264.76,1,8,1,7,0,78,4,69900
Apple iPad Air 2019 (WiFi +4G+64GB),apple,ios,Bionic,Bionic A12,6,NULL,1,0,0,0,3,64,NULL,NULL,10.5,Standard (4:3 or 5:4),3K,60,264.76,1,7,1,7,NULL,63,4.25,53994
Apple iPad Pro 12.9 2018 (WiFi+ 1TB),apple,ios,Bionic,Bionic A12X,8,2.49,0,0,0,0,4,1024,9720,0,12.9,Standard (4:3 or 5:4),WQHD+,60,264.68,1,12,1,7,0,77,4.25,157900
Apple iPad Pro 12.9 2018 (WiFi+256GB),apple,ios,Bionic,Bionic A12X,8,2.49,0,0,0,0,4,256,9720,0,12.9,Standard (4:3 or 5:4),WQHD+,60,264.68,1,12,1,7,0,76,4.3,103900
Apple iPad 10.2 Tablet (128GB),apple,ios,Other,Other,4,2.34,1,0,0,0,3,128,8827,0,10.2,Standard (4:3 or 5:4),3K,60,264.71,1,8,1,1.2,NULL,73,4.15,39900
Apple iPad 10.2 Tablet,apple,ios,Other,Other,4,2.34,1,0,0,0,3,32,8827,0,10.2,Standard (4:3 or 5:4),3K,60,264.71,1,8,1,1.2,NULL,69,4.05,36900
Apple iPad Pro 12.9 2018 (WiFi+512GB),apple,ios,Bionic,Bionic A12X,8,2.49,0,0,0,0,4,512,9720,0,12.9,Standard (4:3 or 5:4),WQHD+,60,264.68,1,12,1,7,0,77,3.75,121900
Apple iPad Air 2019 (WiFi + 256GB),apple,ios,Bionic,Bionic A12,6,2.49,0,0,0,0,3,256,NULL,NULL,10.5,Standard (4:3 or 5:4),3K,60,264.76,1,8,1,7,0,72,4.15,56900
Apple iPad Pro 12.9 2018 (WiFi+4G+256GB),apple,ios,Bionic,Bionic A12X,8,2.49,1,0,0,0,4,256,9720,0,12.9,Standard (4:3 or 5:4),WQHD+,60,264.68,1,12,1,7,0,81,4.55,116883
Apple iPad Pro 11 2018 (WiFi+512GB),apple,ios,Bionic,Bionic A12X,6,2.5,0,0,0,0,4,512,7812,0,11,Balanced (3:2),3K,60,264.81,1,12,1,7,NULL,73,4.7,103900
Apple iPad Pro 11 2018 (WiFi+4G+512GB),apple,ios,Bionic,Bionic A12X,6,2.5,1,0,0,0,4,512,7812,0,11,Balanced (3:2),3K,60,264.81,1,12,1,7,NULL,78,4.1,117900
Apple iPad Air 2019 (WiFi + 64GB),apple,ios,Bionic,Bionic A12,6,2.49,0,0,0,0,3,64,NULL,NULL,10.5,Standard (4:3 or 5:4),3K,60,264.76,1,8,1,7,0,69,4.4,42900
Apple iPad Pro 12.9 2018 (WiFi+64GB),apple,ios,Bionic,Bionic A12X,8,2.49,0,0,0,0,4,64,9720,0,12.9,Standard (4:3 or 5:4),WQHD+,60,264.68,1,12,1,7,0,73,4,89900
Apple iPad Mini 2019 (WiFi + 64GB),apple,ios,Bionic,Bionic A12,6,2.5,0,0,0,0,NULL,64,5124,0,7.9,Standard (4:3 or 5:4),WQXGA,60,324.05,1,8,1,7,NULL,56,4.1,31900
Apple iPad Pro 11 2018 (WiFi+256GB),apple,ios,Bionic,Bionic A12X,6,2.5,0,0,0,0,4,256,7812,0,11,Standard (4:3 or 5:4),3K,60,264.81,1,12,1,7,NULL,74,4.45,85900
Apple iPad Pro 11 2018 (WiFi+4G+256GB),apple,ios,Bionic,Bionic A12X,6,2.5,1,0,0,0,4,256,7812,0,11,Standard (4:3 or 5:4),3K,60,264.81,1,12,1,7,NULL,79,4.55,91232
Apple iPad Pro 11 2018 (WiFi+64GB),apple,ios,Bionic,Bionic A12X,6,2.5,0,0,0,0,4,64,7812,0,11,Standard (4:3 or 5:4),3K,60,264.81,1,12,1,7,NULL,71,4.3,71900
Apple iPad Pro 11 2018 (WiFi+1TB),apple,ios,Bionic,Bionic A12X,6,2.5,0,0,0,0,4,1024,7812,0,11,Standard (4:3 or 5:4),3K,60,264.81,1,12,1,7,NULL,76,4.5,111994
Apple iPad Pro 11 2018 (WiFi+4G+1TB),apple,ios,Bionic,Bionic A12X,6,2.5,1,0,0,0,4,1024,7812,0,11,Standard (4:3 or 5:4),3K,60,264.81,1,12,1,7,NULL,83,4.15,153900
Apple iPad Pro 12.9 2018 (WiFi+4G+64GB),apple,ios,Bionic,Bionic A12X,8,2.49,1,0,0,0,4,64,9720,0,12.9,Standard (4:3 or 5:4),WQHD+,60,264.68,1,12,1,7,0,79,4.25,103900
Apple iPad Pro 11 (WiFi+4G+64GB),apple,ios,Bionic,Bionic A12X,8,2.5,1,0,0,0,4,64,7812,0,11,Balanced (3:2),3K,60,264.81,1,12,1,7,0,77,4.4,82900
Apple iPad 9.7 2018 (WiFi+32GB),apple,ios,Other,Other,4,2.34,0,0,0,0,2,32,NULL,NULL,9.7,Standard (4:3 or 5:4),WQXGA,60,263.92,1,8,1,1.2,0,57,4.2,25499
Apple iPad 9.7 2018 (WiFi+4G+32GB),apple,ios,Other,Other,4,2.34,1,0,0,0,2,32,NULL,NULL,9.7,Standard (4:3 or 5:4),WQXGA,60,263.92,1,8,1,1.2,0,64,4.05,34900
Apple iPad 9.7 2018 (WiFi+4G+128GB),apple,ios,Other,Other,4,2.34,1,0,0,0,2,128,NULL,NULL,9.69,Standard (4:3 or 5:4),WQXGA,60,264.19,1,8,1,1.2,0,69,4.4,46300
Apple iPad 9.7 2018 (WiFi+128GB),apple,ios,Other,Other,4,2.34,0,0,0,0,2,128,NULL,NULL,9.7,Standard (4:3 or 5:4),WQXGA,60,263.92,1,8,1,1.2,0,61,4.3,32999
Apple iPad Pro 12.9 (WiFi+64GB),apple,ios,Other,Other,6,2.38,0,0,0,0,4,64,10891,0,12.9,Standard (4:3 or 5:4),WQHD+,60,264.68,1,12,1,7,NULL,71,4.7,63500
Apple iPad Pro 12.9 (WiFi+4G+512GB),apple,ios,Other,Other,6,2.38,1,0,1,0,4,512,10891,0,12.9,Standard (4:3 or 5:4),WQHD+,60,264.68,1,12,1,7,0,80,3.9,95990
Apple iPad Pro 12.9 (WiFi+512GB),apple,ios,Other,Other,6,2.38,0,0,0,0,4,512,10891,0,12.9,Standard (4:3 or 5:4),WQHD+,60,264.68,1,12,1,7,NULL,73,4.1,85900
Apple iPad Pro 10.5 (WiFi+256GB),apple,ios,Other,Other,6,2.38,0,0,1,0,4,256,8134,0,10.5,Standard (4:3 or 5:4),3K,60,264.76,1,12,1,7,NULL,73,4.2,57900
Apple iPad Pro 10.5 (WiFi+64GB),apple,ios,Other,Other,6,2.38,0,0,0,0,4,64,8134,0,10.5,Standard (4:3 or 5:4),3K,60,264.76,1,12,1,7,NULL,67,4.3,47900
Apple iPad Pro 10.5 (WiFi+4G+512GB),apple,ios,Other,Other,6,2.38,1,0,1,0,4,512,8134,0,10.5,Standard (4:3 or 5:4),3K,60,264.76,1,12,1,7,0,79,4.05,83990
Apple iPad Pro 12.9 (WiFi+4G+64GB),apple,ios,Other,Other,6,2.38,1,0,1,0,4,64,10891,0,12.9,Standard (4:3 or 5:4),WQHD+,60,264.68,1,12,1,7,0,77,4.3,74049
Apple iPad Pro 10.5 (WiFi+4G+64GB),apple,ios,Other,Other,6,2.38,1,0,1,0,4,64,8134,0,10.5,Standard (4:3 or 5:4),3K,60,264.76,1,12,1,7,0,75,4.35,58999
Apple iPad Pro 12.9 (WiFi+4G+256GB),apple,ios,Other,Other,6,2.38,1,0,1,0,4,256,10891,0,12.9,Standard (4:3 or 5:4),WQHD+,60,264.68,1,12,1,7,0,79,3.65,83990
Apple iPad Pro 12.9 (WiFi+256GB),apple,ios,Other,Other,6,2.38,0,0,0,0,4,256,10891,0,12.9,Standard (4:3 or 5:4),WQHD+,60,264.68,1,12,1,7,NULL,73,4.75,70900
Apple iPad Pro 10.5 (WiFi+4G+256GB),apple,ios,Other,Other,6,2.38,1,0,1,0,4,256,8134,0,10.5,Standard (4:3 or 5:4),3K,60,264.76,1,12,1,7,0,78,4.6,67900
Apple iPad Pro 10.5 (WiFi+512GB),apple,ios,Other,Other,6,2.38,0,0,0,0,4,512,8134,0,10.5,Standard (4:3 or 5:4),3K,60,264.76,1,12,1,7,NULL,72,4,72990
Apple iPad 9.7 2017 (WiFi+4G+128GB),apple,ios,Bionic,Bionic,2,1.84,1,0,0,0,2,128,8827,0,9.7,Standard (4:3 or 5:4),WQXGA,60,263.92,1,8,1,1.2,0,65,4.55,46200
Apple iPad 9.7 2017 (WiFi+128GB),apple,ios,Bionic,Bionic,2,1.84,0,0,0,0,2,128,8827,0,9.7,Standard (4:3 or 5:4),WQXGA,60,263.92,1,8,1,1.2,NULL,58,4.1,35700
Apple iPad 9.7 2017 (WiFi+4G+32GB),apple,ios,Bionic,Bionic,2,1.84,1,0,0,0,2,32,8827,0,9.7,Standard (4:3 or 5:4),WQXGA,60,263.92,1,8,1,1.2,0,61,4,37700
Apple iPad Mini 4 (WiFi+32GB),apple,ios,Bionic,Bionic,2,1.5,0,0,0,0,2,32,5124,0,7.9,Standard (4:3 or 5:4),WQXGA,60,324.05,1,8,1,1.2,0,54,4.45,29500
Apple iPad Mini 4 (WiFi+Cellular+32GB),apple,ios,Bionic,Bionic,2,1.5,1,0,0,0,2,32,5124,0,7.9,Standard (4:3 or 5:4),WQXGA,60,324.05,1,8,1,1.2,0,59,3.9,32900
Apple iPad Air 2 (WiFi+Cellular+32GB),apple,ios,Bionic,Bionic,3,1.5,1,0,0,0,2,32,7340,0,9.7,Standard (4:3 or 5:4),WQXGA,60,263.92,1,8,1,1.2,0,60,4,24994
Apple iPad Air 2 (WiFi+32GB),apple,ios,Bionic,Bionic,3,1.5,0,0,0,0,2,32,7340,0,9.7,Standard (4:3 or 5:4),WQXGA,60,263.92,1,8,1,1.2,NULL,54,4.5,27999
Apple iPad Pro 2015 (WiFi+256GB),apple,ios,Bionic,Bionic A9X,2,2.26,0,0,0,0,4,256,10307,0,12.9,Standard (4:3 or 5:4),WQHD+,60,264.68,1,8,1,1.2,NULL,67,4.5,68900
Apple iPad Pro 9.7 2016 (WiFi+Cellular+256GB),apple,ios,Bionic,Bionic,2,2.16,1,0,1,0,2,256,7306,0,9.7,Standard (4:3 or 5:4),WQXGA,60,263.92,1,12,1,5,0,71,4,68900
Apple iPad Pro 2015 (WiFi+Cellular+256GB),apple,ios,Bionic,Bionic A9X,2,2.26,1,0,0,0,4,256,10307,0,12.9,Standard (4:3 or 5:4),WQHD+,60,264.68,1,8,1,1.2,NULL,72,3.65,90999
Apple iPad Pro 9.7 2016 (WiFi+128GB),apple,ios,Bionic,Bionic,2,2.16,0,0,0,0,2,128,7306,0,9.7,Standard (4:3 or 5:4),WQXGA,60,263.92,1,12,1,5,NULL,62,3.05,49990
Apple iPad Pro 9.7 2016 (WiFi+Cellular+128GB),apple,ios,Bionic,Bionic,2,2.16,1,0,1,0,2,128,7306,0,9.7,Standard (4:3 or 5:4),WQXGA,60,263.92,1,12,1,5,0,69,4.3,51990
Apple iPad Pro 9.7 2016 (WiFi+32GB),apple,ios,Bionic,Bionic,2,2.16,0,0,0,0,2,32,7306,0,9.7,Standard (4:3 or 5:4),WQXGA,60,263.92,1,12,1,5,NULL,58,4,49900
Apple iPad Pro 9.7 2016 (WiFi+256GB),apple,ios,Bionic,Bionic,2,2.16,0,0,0,0,2,256,7306,0,9.7,Standard (4:3 or 5:4),WQXGA,60,263.92,1,12,1,5,NULL,62,3,44900
Apple iPad Pro 12.9 2015 (WiFi+32GB),apple,ios,Bionic,Bionic,2,2.26,0,0,0,0,4,32,10307,0,12.9,Standard (4:3 or 5:4),WQHD+,60,264.68,1,8,1,1.2,0,63,4.25,55900
Apple iPad Pro 12.9 2015 (WiFi+Cellular+128GB),apple,ios,Bionic,Bionic,2,2.26,1,0,0,0,4,128,10307,0,12.9,Standard (4:3 or 5:4),WQHD+,60,264.68,1,8,1,1.2,0,73,4.65,62849
Apple iPad Pro 12.9 2015 (WiFi+128GB),apple,ios,Bionic,Bionic,2,2.26,0,0,0,0,4,128,10307,0,12.9,Standard (4:3 or 5:4),WQHD+,60,264.68,1,8,1,1.2,0,66,4.65,60710
Apple iPad Mini 4 (WiFi+Cellular+16GB),apple,ios,Bionic,Bionic,2,1.5,1,0,0,0,2,16,5124,0,7.9,Standard (4:3 or 5:4),WQXGA,60,324.05,1,8,1,1.2,0,57,4.15,29999
Apple iPad Mini 4 (WiFi+Cellular+64GB),apple,ios,Bionic,Bionic,2,1.5,1,0,0,0,2,64,5124,0,7.9,Standard (4:3 or 5:4),WQXGA,60,324.05,1,8,1,1.2,0,62,3.5,38900
Apple iPad Mini 4 (WiFi+16GB),apple,ios,Bionic,Bionic,2,1.5,0,0,0,0,2,16,5124,0,7.9,Standard (4:3 or 5:4),WQXGA,60,324.05,1,8,1,1.2,0,52,4.15,26900
Apple iPad Mini 4 (WiFi+128GB),apple,ios,Bionic,Bionic,2,1.5,0,0,0,0,2,128,5124,0,7.9,Standard (4:3 or 5:4),WQXGA,60,324.05,1,8,1,1.2,0,57,4.5,33800
Apple iPad Mini 4 (WiFi+64GB),apple,ios,Bionic,Bionic,2,1.5,0,0,0,0,2,64,5124,0,7.9,Standard (4:3 or 5:4),WQXGA,60,324.05,1,8,1,1.2,0,56,3.75,34900
Apple iPad Mini (WiFi+64GB),apple,ios,Bionic,Bionic,2,1,0,0,0,0,0.5,64,4490,0,7.9,Standard (4:3 or 5:4),SD,60,162.03,1,5,1,1.2,0,45,4.15,27999
Apple iPad Mini (WiFi+32GB),apple,ios,Bionic,Bionic,2,1,0,0,0,0,0.5,32,4490,0,7.9,Standard (4:3 or 5:4),SD,60,162.03,1,5,1,1.2,0,42,2.25,16444
Apple iPad Air 2 (WiFi+16GB),apple,ios,NULL,NULL,2,1.3,0,0,0,0,1,16,8600,0,9.69,Standard (4:3 or 5:4),WQXGA,60,264.19,1,8,1,1.2,NULL,48,4.55,26699
Apple iPad Air 2 (WiFi+64GB),apple,ios,NULL,NULL,2,1.3,0,0,0,0,1,64,8600,0,9.69,Standard (4:3 or 5:4),WQXGA,60,264.19,1,8,1,1.2,NULL,50,4.3,15160
Apple iPad Mini 3 (WiFi+Cellular+128GB),apple,ios,NULL,NULL,2,1.3,1,0,0,0,1,128,6432,0,7.9,Standard (4:3 or 5:4),WQXGA,60,324.05,1,5,1,1.2,NULL,57,3.9,30900
Apple iPad Mini 3 (WiFi+Cellular+64GB),apple,ios,NULL,NULL,2,1.3,1,0,0,0,1,64,6432,0,7.9,Standard (4:3 or 5:4),WQXGA,60,324.05,1,5,1,1.2,NULL,55,4.15,28000
Apple iPad Air 2 (WiFi+Cellular+128GB),apple,ios,NULL,NULL,2,1.3,1,0,0,0,1,128,8600,0,9.69,Standard (4:3 or 5:4),WQXGA,60,264.19,1,8,1,1.2,NULL,56,4.35,24999
Apple iPad Mini 3 (WiFi+64GB),apple,ios,NULL,NULL,2,1.3,0,0,0,0,1,64,6432,0,7.9,Standard (4:3 or 5:4),WQXGA,60,324.05,1,5,1,1.2,NULL,52,3.5,35500
Apple iPad Mini 3 (WiFi+Cellular+16GB),apple,ios,NULL,NULL,2,1.3,1,0,0,0,1,16,6432,0,7.9,Standard (4:3 or 5:4),WQXGA,60,324.05,1,5,1,1.2,NULL,52,3.9,32297
Apple iPad Mini 3 (WiFi+16GB),apple,ios,Bionic,Bionic,2,1.3,1,0,0,0,1,16,NULL,NULL,7.9,Standard (4:3 or 5:4),WQXGA,60,324.05,1,5,1,1.2,0,49,4.55,28900
Apple iPad Air 2,apple,ios,Bionic,Bionic,1,1.5,1,0,0,0,2,16,NULL,NULL,9.69,Standard (4:3 or 5:4),WQXGA,60,264.19,1,8,1,1.2,0,58,4.35,39965
Apple iPad Mini 3 (WiFi+128GB),apple,ios,NULL,NULL,2,1.3,0,0,0,0,1,128,6432,0,7.9,Standard (4:3 or 5:4),WQXGA,60,324.05,1,5,1,1.2,NULL,52,4.05,25900
Apple iPad Air 2 (WiFi+Cellular+64GB),apple,ios,Bionic,Bionic,3,1.5,1,0,0,0,2,64,7340,0,9.69,Standard (4:3 or 5:4),WQXGA,60,264.19,1,8,1,1.2,0,63,4.3,41790
Apple iPad Air 2 (WiFi+128GB),apple,ios,NULL,NULL,2,1.3,0,0,0,0,1,128,8600,0,9.69,Standard (4:3 or 5:4),WQXGA,60,264.19,1,8,1,1.2,NULL,52,4.6,39420
Apple iPad Air (WiFi+Cellular+128GB),apple,ios,Bionic,Bionic,2,1.3,1,0,0,0,1,128,NULL,NULL,9.69,Standard (4:3 or 5:4),WQXGA,60,264.19,1,5,1,1.2,0,61,4.25,42091
Apple iPad Air (WiFi+Cellular+64GB),apple,ios,Bionic,Bionic,2,1.3,1,0,0,0,1,64,NULL,NULL,9.69,Standard (4:3 or 5:4),WQXGA,60,264.19,1,5,1,1.2,0,60,4.1,45899
Apple iPad Air (WiFi+Cellular+32GB),apple,ios,Bionic,Bionic,2,1.3,1,0,0,0,1,32,NULL,NULL,9.69,Standard (4:3 or 5:4),WQXGA,60,264.19,1,5,1,1.2,0,57,4.15,34000
Apple iPad Mini 2 with Retina Display (WiFi+32GB),apple,ios,Bionic,Bionic,2,1.3,0,0,0,0,1,32,NULL,NULL,7.9,Standard (4:3 or 5:4),WQXGA,60,324.05,1,5,1,1.2,0,49,4.5,14500
"Apple iPad Mini 2 with Retina Display (WiFi+Cellular+128GB)	",apple,ios,Bionic,Bionic,2,1.3,1,0,0,0,1,128,NULL,NULL,7.9,Standard (4:3 or 5:4),WQXGA,60,324.05,1,5,1,1.2,0,61,3.85,44900
Apple iPad Mini 2 with Retina Display (WiFi+Cellular+32GB),apple,ios,Bionic,Bionic,2,1.3,1,0,0,0,1,32,NULL,NULL,7.9,Standard (4:3 or 5:4),WQXGA,60,324.05,1,5,1,1.2,0,56,3.6,29900
Apple iPad Mini 2 with Retina Display (WiFi+64GB),apple,ios,Bionic,Bionic,2,1.3,0,0,0,0,1,64,NULL,NULL,7.9,Standard (4:3 or 5:4),WQXGA,60,324.05,1,5,1,1.2,0,54,3.3,39900
Apple iPad Mini 2 with Retina Display (WiFi+16GB),apple,ios,Bionic,Bionic,2,1.3,0,0,0,0,1,16,NULL,NULL,7.9,Standard (4:3 or 5:4),WQXGA,60,324.05,1,5,1,1.2,0,48,4.5,20900
Apple iPad Mini 2 with Retina Display (WiFi+Cellular+16GB),apple,ios,Bionic,Bionic,2,1.3,1,0,0,0,1,16,NULL,NULL,7.9,Standard (4:3 or 5:4),WQXGA,60,324.05,1,5,1,1.2,0,55,4.6,29929
Apple iPad Air (WiFi+64GB),apple,ios,Bionic,Bionic,2,1.3,0,0,0,0,1,64,NULL,NULL,9.69,Standard (4:3 or 5:4),WQXGA,60,264.19,1,5,1,1.2,0,54,4.4,35900
Apple iPad Mini 2 with Retina Display (WiFi+Cellular+64GB),apple,ios,Bionic,Bionic,2,1.3,1,0,0,0,1,64,NULL,NULL,7.9,Standard (4:3 or 5:4),WQXGA,60,324.05,1,5,1,1.2,0,60,3.95,49300
Apple iPad Mini 2 with Retina Display (WiFi+128GB),apple,ios,Bionic,Bionic,2,1.3,0,0,0,0,1,128,NULL,NULL,7.9,Standard (4:3 or 5:4),WQXGA,60,324.05,1,5,1,1.2,0,55,3.7,35900
Apple iPad Air (WiFi+128GB),apple,ios,Bionic,Bionic,2,1.3,0,0,0,0,1,128,NULL,NULL,9.69,Standard (4:3 or 5:4),WQXGA,60,264.19,1,5,1,1.2,0,57,3.15,32455
Apple iPad Air (WiFi+16GB),apple,ios,Bionic,Bionic,2,1.3,0,0,0,0,1,16,NULL,NULL,9.69,Standard (4:3 or 5:4),WQXGA,60,264.19,1,5,1,1.2,0,49,4.7,20414
Apple iPad Air (WiFi+Cellular+16GB),apple,ios,Bionic,Bionic,2,1.3,1,0,0,0,1,16,NULL,NULL,9.69,Standard (4:3 or 5:4),WQXGA,60,264.19,1,5,1,1.2,0,56,4.3,35190
Apple iPad Air (WiFi+32GB),apple,ios,Bionic,Bionic,2,1.3,0,0,0,0,1,32,NULL,NULL,9.69,Standard (4:3 or 5:4),WQXGA,60,264.19,1,5,1,1.2,0,51,3.55,25455
Apple iPad Mini WiFi+Cellular (64GB),apple,ios,NULL,NULL,2,1,1,0,0,0,0.5,64,NULL,NULL,7.9,Standard (4:3 or 5:4),SD,60,162.03,1,5,1,1.2,0,51,3,25999
Apple iPad 3 WiFi (64GB),apple,ios,NULL,NULL,2,1,0,0,0,0,1,64,560,0,9.69,Standard (4:3 or 5:4),WQXGA,60,264.19,1,5,1,0.3,0,53,3.35,34999
Apple iPad 2 WiFi+3G (64GB),apple,ios,NULL,NULL,2,1,1,0,0,0,0.5,64,6930,0,9.69,Standard (4:3 or 5:4),SD,60,132.09,1,0.7,1,0.3,0,48,3.5,24000
Apple iPad 4 with Retina Display (4th Generation) (WiFi+64GB),apple,ios,NULL,NULL,2,1.4,0,0,0,0,1,64,560,0,9.69,Standard (4:3 or 5:4),WQXGA,60,264.19,1,5,1,1.2,0,54,3.25,42426
Apple iPad 3 WiFi+Cellular (32GB),apple,ios,NULL,NULL,2,1,1,0,0,0,1,32,560,0,9.69,Standard (4:3 or 5:4),WQXGA,60,264.19,1,5,1,0.3,0,56,4.35,28500
Apple iPad 4 with Retina Display (4th Generation) (WiFi+Cellular+64GB),apple,ios,NULL,NULL,2,1.4,1,0,0,0,1,64,560,0,9.69,Standard (4:3 or 5:4),WQXGA,60,264.19,1,5,1,1.2,0,59,4.4,32999
Apple iPad 3 WiFi (16GB),apple,ios,NULL,NULL,2,1,0,0,0,0,1,16,560,0,9.69,Standard (4:3 or 5:4),WQXGA,60,264.19,1,5,1,0.3,0,49,2.9,25990
Apple iPad Mini WiFi+Cellular (16GB),apple,ios,NULL,NULL,2,1,1,0,0,0,0.5,16,NULL,NULL,7.9,Standard (4:3 or 5:4),SD,60,162.03,1,5,1,1.2,0,48,4,7000
Apple iPad 2 WiFi (32GB),apple,ios,NULL,NULL,2,1,0,0,0,0,0.5,32,6930,0,9.69,Standard (4:3 or 5:4),SD,60,132.09,1,0.7,1,0.3,0,43,3.7,30500
Apple iPad 4 with Retina Display (4th Generation) (WiFi+16GB),apple,ios,NULL,NULL,2,1.4,0,0,0,0,1,16,560,0,9.69,Standard (4:3 or 5:4),WQXGA,60,264.19,1,5,1,1.2,0,48,3.95,12000
Apple iPad Mini WiFi+Cellular (32GB),apple,ios,NULL,NULL,2,1,1,0,0,0,0.5,32,NULL,NULL,7.9,Standard (4:3 or 5:4),SD,60,162.03,1,5,1,1.2,0,49,3.8,25500
Apple iPad 3 WiFi (32GB),apple,ios,NULL,NULL,2,1,0,0,0,0,1,32,560,0,9.69,Standard (4:3 or 5:4),WQXGA,60,264.19,1,5,1,0.3,0,51,3.4,30990
Apple iPad 2 WiFi+3G (32GB),apple,ios,NULL,NULL,2,1,1,0,0,0,0.5,32,6930,0,9.69,Standard (4:3 or 5:4),SD,60,132.09,1,0.7,1,0.3,0,47,3.85,25900
Apple iPad 4 with Retina Display (4th Generation) (WiFi+32GB),apple,ios,NULL,NULL,2,1.4,0,0,0,0,1,32,560,0,9.69,Standard (4:3 or 5:4),WQXGA,60,264.19,1,5,1,1.2,0,51,3.5,29900
Apple iPad 3 WiFi+Cellular (16GB),apple,ios,NULL,NULL,2,1,1,0,0,0,1,16,560,0,9.69,Standard (4:3 or 5:4),WQXGA,60,264.19,1,5,1,0.3,0,55,4.35,31999
Apple iPad 4 with Retina Display (4th Generation) (WiFi+Cellular+16GB),apple,ios,NULL,NULL,2,1.4,1,0,0,0,1,16,560,0,9.69,Standard (4:3 or 5:4),WQXGA,60,264.19,1,5,1,1.2,0,53,4.3,12000
Apple iPad 2 WiFi (64GB),apple,ios,NULL,NULL,2,1,0,0,0,0,0.5,64,6930,0,9.69,Standard (4:3 or 5:4),SD,60,132.09,1,0.7,1,0.3,0,45,3.9,26535
Apple iPad Mini WiFi (16GB),apple,ios,NULL,NULL,2,1,0,0,0,0,0.5,16,NULL,NULL,7.9,Standard (4:3 or 5:4),SD,60,162.03,1,5,1,1.2,0,40,4.2,17900
Apple iPad 4 with Retina Display (4th Generation) (WiFi+128GB),apple,ios,NULL,NULL,2,1.4,0,0,0,0,1,128,560,0,9.69,Standard (4:3 or 5:4),WQXGA,60,264.19,1,5,1,1.2,0,54,4.2,30210
Apple iPad 4 with Retina Display (4th Generation) (WiFi+Cellular+128GB),apple,ios,NULL,NULL,2,1.4,1,0,0,0,1,128,560,0,9.69,Standard (4:3 or 5:4),WQXGA,60,264.19,1,5,1,1.2,0,61,4.4,36900
OnePlus Pad Go Tablet,oneplus,android,Helio,Helio G99,8,2.2,1,0,0,0,8,128,8000,33,11.35,Standard (4:3 or 5:4),3K,90,260.72,1,8,1,8,1024,79,4.6,16498
OnePlus Pad 2 Pro,oneplus,android,Snapdragon,Snapdragon 8 Elite,8,4.32,0,0,0,0,8,256,12140,67,13.2,Standard (4:3 or 5:4),4K UHD,144,314.79,1,13,1,8,NULL,77,4.1,37990
Oneplus Pad 3,oneplus,android,Dimensity,Dimensity 8350,8,3.35,0,0,1,0,8,128,9520,67,11.61,Standard (4:3 or 5:4),WQHD+,144,296.38,1,8,1,8,NULL,74,4.1,24990
OnePlus Pad 2 Tablet (12GB RAM + 256GB),oneplus,android,Snapdragon,Snapdragon 8 Gen3,8,3.3,0,0,1,0,12,256,9510,67,12.1,Standard (4:3 or 5:4),WQHD+,144,303.59,1,13,1,8,NULL,80,4.35,38999
OnePlus Pad Go Tablet (LTE+8GB+256GB),oneplus,android,Helio,Helio G99,8,2.2,1,0,0,0,8,256,8000,33,11.35,Standard (4:3 or 5:4),3K,90,260.72,1,8,1,8,1024,80,4.15,20999
OnePlus Pad 3 Pro,oneplus,android,Snapdragon,Snapdragon 8 Elite,8,4.32,0,0,0,0,8,256,12140,80,13.2,Standard (4:3 or 5:4),4K UHD,144,314.79,1,13,1,8,NULL,78,4,44990
OnePlus Pad 2 Tablet,oneplus,android,Snapdragon,Snapdragon 8 Gen3,8,3.3,0,0,1,0,8,128,9510,67,12.1,Standard (4:3 or 5:4),WQHD+,144,303.59,1,13,1,8,NULL,79,4,35999
OnePlus Pad Go Tablet (Wi-FI Only),oneplus,android,Helio,Helio G99,8,2.2,0,0,0,0,8,128,8000,33,11.35,Standard (4:3 or 5:4),3K,90,260.72,1,8,1,8,1024,74,4.5,17999
OnePlus Pad Tablet (12 GB RAM + 256 GB),oneplus,android,Dimensity,Dimensity 9000,8,3.05,0,0,0,0,12,256,9510,67,11.61,Standard (4:3 or 5:4),WQHD+,144,296.38,1,13,1,8,NULL,77,4.7,28999
OnePlus Pad Go 2,oneplus,android,Helio,Helio G100,8,NULL,1,0,0,0,8,128,8880,45,11.8,Standard (4:3 or 5:4),3K,120,250.78,1,13,1,8,1024,69,4.4,18999
OnePlus Pad Pro Tablet,oneplus,android,Snapdragon,Snapdragon 8 Gen3,8,3.3,0,0,1,0,8,128,9510,67,12.1,Standard (4:3 or 5:4),WQHD+,144,303.59,1,13,1,8,NULL,77,4.3,33999
OnePlus Pad Tablet,oneplus,android,Dimensity,Dimensity 9000,8,3.05,0,0,0,0,8,128,9510,67,11.61,Standard (4:3 or 5:4),WQHD+,144,296.38,1,13,1,8,NULL,75,4.6,31999
Motorola Moto Pad 60 Pro,motorola,android,Dimensity,Dimensity 8300,8,3.35,0,0,0,0,8,128,10200,45,12.7,Widescreen (16:10),WQHD+,144,273.36,1,13,1,8,1024,75,4.65,26999
Motorola Moto Pad 60 Pro (12GB RAM + 256GB),motorola,android,Dimensity,Dimensity 8300,8,3.35,0,0,0,0,12,256,10200,45,12.7,Widescreen (16:10),WQHD+,144,273.36,1,13,1,8,1024,76,4.25,28999
Motorola Moto Tab G62 (Wi-Fi Only),motorola,android,Snapdragon,Snapdragon 680,8,2.4,0,0,0,0,4,64,7700,20,10.6,Standard (4:3 or 5:4),HD+,60,220.04,1,8,1,8,1024,68,4.4,11499
Motorola Moto Tab G62 LTE (4GB RAM + 128GB),motorola,android,Snapdragon,Snapdragon 680,8,2.4,1,0,0,0,4,128,7700,20,10.6,Standard (4:3 or 5:4),HD+,60,220.04,1,8,1,8,1024,77,4.5,18499
Motorola Moto Tab G62 (4GB RAM + 128GB+ Wi-Fi),motorola,android,Snapdragon,Snapdragon 680,8,2.4,0,0,0,0,4,128,7700,20,10.6,Standard (4:3 or 5:4),HD+,60,220.04,1,8,1,8,1024,69,4.6,16599
Motorola Moto Tab G62 LTE,motorola,android,Snapdragon,Snapdragon 680,8,2.4,1,0,0,0,4,64,7700,20,10.6,Standard (4:3 or 5:4),HD+,60,220.04,1,8,1,8,1024,76,4.75,17099
Motorola Moto Tab G84,motorola,android,NULL,NULL,8,NULL,1,0,0,0,6,128,7800,33,10.6,Standard (4:3 or 5:4),HD+,60,220.04,1,8,1,8,1024,67,4.45,19999
Motorola Moto Tab G70 (6GB RAM + 128GB),motorola,android,Helio,Helio G90T,8,2.05,1,0,0,0,6,128,7700,20,11,Standard (4:3 or 5:4),HD+,60,212.03,1,13,1,8,1024,77,4.7,16999
Motorola Moto Tab G70,motorola,android,Helio,Helio G90T,8,2.05,1,0,0,0,4,64,7700,20,11,Standard (4:3 or 5:4),HD+,60,212.03,1,13,1,8,1024,75,4.2,17998
Motorola Moto Tab 8 Tablet,motorola,android,Helio,Helio P22,8,2,1,0,0,0,3,32,5100,0,8,Widescreen (16:10),HD+,60,283.02,0,NULL,1,5,NULL,65,4.45,11999
Motorola Moto Tab G20,motorola,android,Helio,Helio P22T,8,2,0,0,0,0,3,32,5100,0,8,Standard (4:3 or 5:4),SD,60,188.68,1,5,1,2,2048,59,4.05,8999
Motorola Xoom MZ604 (WiFi+32GB),motorola,android,NULL,NULL,2,1,0,0,0,0,1,32,NULL,NULL,10.1,Standard (4:3 or 5:4),SD,60,149.45,1,5,1,2,32,51,4.7,32000
Realme Pad 2 Tablet,realme,android,Helio,Helio G99,8,2.2,1,0,0,0,6,128,8360,33,11.5,Standard (4:3 or 5:4),HD+,120,202.82,1,8,1,5,1024,75,4.1,16499
Realme Pad 2 Lite,realme,android,Helio,Helio G99,8,2.2,1,0,0,0,4,128,8300,15,10.95,Standard (4:3 or 5:4),HD+,90,206.77,1,8,1,5,1024,73,4.7,14999
Realme Pad 2 Lite (8GB RAM + 128GB),realme,android,Helio,Helio G99,8,2.2,1,0,0,0,8,128,8300,15,10.95,Standard (4:3 or 5:4),HD+,90,206.77,1,8,1,5,1024,74,4.55,16299
Realme Pad 2 Tablet (Wifi Only),realme,android,Helio,Helio G99,8,2.2,0,0,0,0,6,128,8360,33,11.5,Standard (4:3 or 5:4),HD+,120,202.82,1,8,1,5,1024,68,4.35,14999
Realme Pad 2 Tablet (8GB RAM + 256GB),realme,android,Helio,Helio G99,8,2.2,1,0,0,0,8,256,8360,33,11.5,Standard (4:3 or 5:4),HD+,120,202.82,1,8,1,5,1024,77,4.55,19499
Realme Pad X Tablet (Wi-Fi Only),realme,android,Snapdragon,Snapdragon 695,8,2.2,0,0,0,0,4,64,8340,33,10.95,Standard (4:3 or 5:4),HD+,60,213,1,13,1,8,512,67,4,14990
Realme Pad 3 Lite,realme,android,Helio,Helio G100,8,NULL,1,0,0,0,6,128,8850,35,11.2,Standard (4:3 or 5:4),HD+,120,202.16,1,13,1,8,1024,64,4.75,14990
Realme Pad 3 Tablet,realme,android,NULL,NULL,8,NULL,1,0,0,0,8,128,10000,44,11.5,Standard (4:3 or 5:4),3K,120,319.26,1,8,1,8,1024,69,4.2,22990
Realme Pad Mini Tablet (6GB RAM + 128GB),realme,android,Tiger,Tiger T616,8,2,1,0,0,0,6,128,6400,18,8.68,Standard (4:3 or 5:4),SD,60,179.8,1,8,1,5,1024,72,4.35,14399
Realme Pad Tablet (6GB RAM + 128GB),realme,android,Helio,Helio G80,8,2,1,0,0,0,6,128,7100,18,10.4,Standard (4:3 or 5:4),HD+,60,224.27,1,8,1,8,1024,77,4,17990
Realme Pad Mini Tablet (4GB RAM + 64GB),realme,android,Tiger,Tiger T616,8,2,1,0,0,0,4,64,6400,18,8.68,Standard (4:3 or 5:4),SD,60,179.8,1,8,1,5,1024,70,4.45,13399
Realme Pad Tablet (Wi-Fi Only),realme,android,Helio,Helio G80,8,2,0,0,0,0,3,32,7100,18,10.4,Standard (4:3 or 5:4),HD+,60,224.27,1,8,1,8,1024,63,4.6,13399
Realme Pad Tablet,realme,android,Helio,Helio G80,8,2,1,0,0,0,3,32,7100,18,10.4,Standard (4:3 or 5:4),HD+,60,224.27,1,8,1,8,1024,72,4.05,15184
Realme Pad Slim Tablet,realme,android,Helio,Helio G80,8,2,1,0,0,0,6,128,7100,18,10.4,Standard (4:3 or 5:4),HD+,60,224.27,1,8,1,8,1024,77,4.05,25999
Realme Pad X Tablet (6GB RAM+ 128GB),realme,android,Snapdragon,Snapdragon 695,8,2.2,1,1,0,0,6,128,8340,33,10.95,Standard (4:3 or 5:4),HD+,60,213,1,13,1,8,512,81,4.35,27999
Realme Pad X Tablet,realme,android,Snapdragon,Snapdragon 695,8,2.2,1,1,0,0,4,64,8340,33,10.95,Standard (4:3 or 5:4),HD+,60,213,1,13,1,8,512,78,4,17999
Realme Pad 5G Tablet,realme,android,Snapdragon,Snapdragon 870,8,3.2,1,1,0,0,8,256,8360,18,10.4,Standard (4:3 or 5:4),HD+,120,267.16,1,8,1,8,1,77,4.3,24999
Realme Pad Mini Tablet (Wi-Fi + 64GB),realme,android,Tiger,Tiger T616,8,2,0,0,0,0,4,64,6400,18,8.68,Standard (4:3 or 5:4),SD,60,179.8,1,8,1,5,1024,59,4.15,9999
Realme Pad Mini Tablet (Wi-Fi + 32GB),realme,android,Tiger,Tiger T616,8,2,0,0,0,0,3,32,6400,18,8.68,Standard (4:3 or 5:4),SD,60,179.8,1,8,1,5,1024,57,4.2,10499
Realme Pad Mini Tablet,realme,android,Tiger,Tiger T616,8,2,1,0,0,0,3,32,6400,18,8.68,Standard (4:3 or 5:4),SD,60,179.8,1,8,1,5,1024,68,4.3,12199
Realme Pad Tablet (4GB RAM + 64GB),realme,android,Helio,Helio G80,8,2,1,0,0,0,4,64,7100,18,10.4,Standard (4:3 or 5:4),HD+,60,224.27,1,8,1,8,1024,74,4.05,16999
Honor Pad X8a,honor,android,Snapdragon,Snapdragon 680,8,2.4,0,0,0,0,4,128,8300,0,11,Standard (4:3 or 5:4),HD+,90,205.83,1,5,1,5,1,66,4.2,13430
Honor MagicPad 2 Tablet,honor,android,Snapdragon,Snapdragon 8S Gen3,8,3,0,0,0,0,8,256,10050,66,12.3,Standard (4:3 or 5:4),WQHD+,144,289.58,1,13,1,9,0,76,4.7,56990
Honor Pad X9,honor,android,Snapdragon,Snapdragon 685,8,2.8,0,0,0,0,4,128,7250,1,11.5,Standard (4:3 or 5:4),HD+,60,202.82,1,5,1,5,1024,69,4.4,13999
Honor Pad X9a,honor,android,NULL,NULL,8,NULL,0,0,0,0,4,128,9300,0,11.5,Standard (4:3 or 5:4),HD+,120,196.88,1,8,1,5,1,53,4.65,14999
Honor Pad V9,honor,android,Dimensity,Dimensity 8350,8,3.35,0,0,0,0,8,128,10100,66,11.5,Balanced (3:2),WQHD+,144,291.34,1,13,1,8,NULL,71,4.25,22990
Honor Pad 9,honor,android,Snapdragon,Snapdragon 6 Gen1,8,2.2,0,0,0,0,8,256,8300,35,12.1,Standard (4:3 or 5:4),WQXGA,120,249.49,1,13,1,8,NULL,72,4.65,23350
Honor Pad 10,honor,android,Snapdragon,Snapdragon 7 Gen1,8,2.4,0,0,0,0,8,256,9000,1,12.1,Standard (4:3 or 5:4),WQXGA,120,249.49,1,13,1,8,NULL,72,4.2,27990
Honor Tablet GT,honor,android,Dimensity,Dimensity 8350,8,3.35,0,0,0,0,8,128,10100,66,11.5,Balanced (3:2),WQHD+,60,291.34,1,13,1,8,NULL,72,4.55,19999
Honor Pad X10,honor,android,NULL,NULL,8,NULL,0,0,0,0,6,128,8850,1,12.1,Standard (4:3 or 5:4),HD+,120,221.76,1,8,1,5,1024,58,4.15,14990
Honor Tablet GT Pro,honor,android,Snapdragon,Snapdragon 8s Gen3,8,3,0,0,0,0,8,128,10050,66,12.3,Standard (4:3 or 5:4),WQHD+,144,289.58,1,13,1,9,0,72,4.5,28990
Honor Pad X8a Kids Edition,honor,android,Snapdragon,Snapdragon 680,8,2.4,0,0,0,0,4,128,8300,0,11,Standard (4:3 or 5:4),HD+,90,205.83,1,5,1,5,1,66,4.75,13999
Honor Pad X9 (8GB RAM + 128GB),honor,android,Snapdragon,Snapdragon 685,8,2.8,0,0,0,0,8,128,7250,1,11.5,Standard (4:3 or 5:4),HD+,60,202.82,1,5,1,5,1024,72,4.55,14248
Honor Pad 9 Pro,honor,android,Dimensity,Dimensity 8100,8,2.85,0,0,0,0,12,256,10050,35,12.1,Standard (4:3 or 5:4),WQXGA,144,249.49,1,13,1,5,NULL,74,4,26990
Honor Pad X8 Pro,honor,android,Snapdragon,Snapdragon 685,8,2.8,0,0,0,0,4,128,7250,1,11.5,Widescreen (16:10),HD+,120,202.82,1,5,1,5,NULL,65,4.35,10999
Honor MagicPad 13 Tablet,honor,android,Snapdragon,Snapdragon 888,8,2.84,0,0,0,0,8,256,10050,66,13,Standard (4:3 or 5:4),WQHD+,144,262.89,1,13,1,9,NULL,72,4.05,36999
Honor Pad 8 (6GB RAM + 128GB),honor,android,Snapdragon,Snapdragon 680,8,2.4,0,0,0,0,6,128,7250,22.5,12,Widescreen (16:10),HD+,60,194.37,1,5,1,5,512,69,4.5,14990
Honor Pad 8,honor,android,Snapdragon,Snapdragon 680,8,2.4,0,0,0,0,4,128,7250,22.5,12,Widescreen (16:10),HD+,60,194.37,1,5,1,5,512,68,4.2,15990
Honor Pad X9 Pro,honor,android,Snapdragon,Snapdragon 685,8,2.8,0,0,0,0,4,128,8300,35,11.5,Widescreen (16:10),HD+,120,202.82,1,8,1,5,NULL,66,4.3,13990
Honor Pad V8 Tablet,honor,android,Dimensity,Dimensity 8020,8,NULL,1,1,0,0,8,256,7250,1,11,Standard (4:3 or 5:4),WQXGA,120,274.44,2,13,1,5,1,72,4.6,21999
Honor V8 Pro Tablet,honor,android,Dimensity,Dimensity 8100,8,2.85,1,1,0,0,8,256,10050,1,12.1,Standard (4:3 or 5:4),WQXGA,144,249.49,2,13,1,5,1,83,4.6,29999
Honor Pad X8,honor,android,Helio,Helio MT8786,8,2,0,0,0,0,3,32,5100,22.5,10.1,Widescreen (16:10),HD+,60,224.17,1,5,1,2,512,62,4.65,8999
Honor Pad X8 (4GB RAM + 64GB),honor,android,Helio,Helio MT8786,8,2,0,0,0,0,4,64,5100,22.5,10.1,Widescreen (16:10),HD+,60,224.17,1,5,1,2,512,64,4.15,10499
Honor Pad X8 Lite,honor,android,Helio,Helio MT8786,8,2,0,0,0,0,NULL,32,5100,22.5,9.7,Widescreen (16:10),SD,60,155.61,1,5,1,2,512,51,4.65,15990
Honor Tablet 8,honor,android,Snapdragon,Snapdragon 680,8,2.4,0,0,0,0,4,128,7250,22.5,12,Widescreen (16:10),HD+,60,194.37,1,5,1,5,512,67,4.4,15499
Honor Tablet V7,honor,android,Other,Other,8,2.4,0,0,0,0,6,128,7250,22.5,10.4,Standard (4:3 or 5:4),HD+,90,224.27,1,13,1,8,1,71,4.5,22990
Honor Pad Z3,honor,android,Helio,Helio P22T,8,2,1,0,0,0,4,64,5100,1,10.1,Standard (4:3 or 5:4),HD+,60,224.17,1,5,1,2,512,73,4.35,17990
Honor V7 Pro Wi-Fi Tablet (6GB RAM + 128GB),honor,android,Other,Other,8,2,0,0,0,0,6,128,7250,22.5,11,Widescreen (16:10),WQXGA,120,274.44,2,13,1,8,512,73,4.75,31900
Honor V7 Pro 5G Tablet,honor,android,Other,Other,8,2,1,1,0,0,8,256,7250,22.5,11,Widescreen (16:10),WQXGA,120,274.44,2,13,1,8,512,84,4.2,41900
Honor Tab X7 Tablet (Wi-Fi Only),honor,android,Helio,Helio MT8768T,8,2.3,0,0,0,0,3,32,5100,0,8,Balanced (3:2),SD,60,180.28,1,5,1,2,512,53,4.5,9990
Honor Tab X7 Tablet,honor,android,Helio,Helio MT8768T,8,2.3,1,0,0,0,3,32,5100,0,8,Balanced (3:2),SD,60,180.28,1,5,1,2,512,64,4.2,12990
Honor Pad 7,honor,android,Helio,Helio P22T,8,2,1,0,0,0,4,64,5100,1,10.1,Standard (4:3 or 5:4),HD+,60,224.17,1,5,1,2,512,73,4,15590
Honor Pad X6 Tablet,honor,android,Kirin,Kirin 710A,8,2,0,0,0,0,3,32,5100,0,9.7,Standard (4:3 or 5:4),SD,60,155.61,1,5,1,2,NULL,54,4.2,10999
Honor Pad 6 Tablet,honor,android,Kirin,Kirin 710A,8,2,1,0,0,0,3,32,5100,0,10.1,Standard (4:3 or 5:4),HD+,60,224.17,1,5,1,2,NULL,66,4.35,12999
Honor V6 Tablet (Wi-Fi Only),honor,android,Kirin,Kirin 985,8,2.58,0,0,0,0,6,64,7250,0,10.4,Standard (4:3 or 5:4),HD+,60,224.27,1,13,1,8,1,71,4.55,39990
Honor V6 5G Tablet,honor,android,Kirin,Kirin 985,8,2.56,1,1,0,0,6,64,7250,1,10.4,Widescreen (16:10),HD+,60,224.27,1,13,1,8,512,82,4.7,44990
Huawei MatePad Pro 12.2 (2025),huawei,other,Kirin,Kirin 9000S,8,2.62,0,0,0,0,12,256,10100,100,12.2,Balanced (3:2),WQHD+,60,274.63,2,50,1,8,NULL,81,4.5,81990
Huawei MatePad Pro 12.2,huawei,other,Kirin,Kirin 9010W,8,NULL,0,0,0,0,12,256,10100,100,12.2,Balanced (3:2),WQHD+,144,274.63,1,50,1,8,NULL,68,4.5,49990
Huawei MatePad Pro 13.2,huawei,other,Kirin,Kirin 9000S,8,2.62,0,0,0,0,12,256,10100,88,13.2,Balanced (3:2),WQHD+,144,262.22,2,13,1,16,NULL,77,4.45,35000
Huawei MatePad 11.5,huawei,other,Snapdragon,Snapdragon 7 Gen1,8,2.4,0,0,0,0,6,128,7700,22.5,11.5,Standard (4:3 or 5:4),2K,120,228.64,1,13,1,8,NULL,69,4.45,26999
Huawei MatePad Pro 13.2 2025,huawei,other,NULL,NULL,NULL,NULL,0,0,0,0,12,256,10100,100,13.2,Balanced (3:2),WQHD+,144,262.22,2,50,1,16,NULL,70,4.15,59990
Huawei MatePad Air Tablet 2024,huawei,other,Kirin,Kirin,8,NULL,1,0,0,0,8,256,10100,66,12,Balanced (3:2),WQHD+,144,279.21,2,13,1,8,NULL,70,4.6,33999
Huawei MatePad SE 11,huawei,other,NULL,NULL,NULL,NULL,0,0,0,0,4,64,7700,1,11,Standard (4:3 or 5:4),HD+,60,205.83,1,8,1,5,1,54,4.1,24990
Huawei MatePad 11.5 PaperMatte Edition Tablet,huawei,other,Snapdragon,Snapdragon 7 Gen1,8,2.4,0,0,0,0,8,256,7700,1,11.5,Standard (4:3 or 5:4),2K,120,228.64,1,13,1,8,NULL,72,4.4,40999
Huawei MatePad Pro 2 5G,huawei,other,Kirin,Kirin 9000,NULL,NULL,1,1,0,0,8,128,7250,40,12.6,Widescreen (16:10),WQXGA,120,239.59,1,13,1,8,256,77,4,49990
Huawei Honor Pad 5 10.1 Tablet (4GB RAM + 64GB),huawei,other,Kirin,Kirin 659,8,2.2,1,0,0,0,4,64,5100,0,10.1,Widescreen (16:10),HD+,60,224.17,1,8,1,2,256,71,4.1,19999
Huawei MatePad 12 X,huawei,other,Kirin,Kirin T90A,8,NULL,0,0,0,0,8,256,10100,66,12,Balanced (3:2),WQHD+,144,279.21,2,13,1,8,NULL,68,4.4,79990
Huawei MatePad 11.5 S,huawei,other,NULL,NULL,8,NULL,0,0,0,0,8,256,8800,22.5,11.5,Standard (4:3 or 5:4),WQHD+,144,291.34,1,13,1,8,NULL,63,4.5,29999
Huawei MatePad Pro 11 2024 Tablet,huawei,android,Kirin,Kirin 9000s,8,2.62,0,0,0,0,12,256,8300,66,11,Widescreen (16:10),WQXGA,120,274.44,2,13,1,16,1024,81,4.65,49990
Huawei MatePad Air Tablet,huawei,other,Snapdragon,Snapdragon 888,8,2.84,1,0,0,0,6,128,8300,1,11.5,Balanced (3:2),WQHD+,144,291.34,1,13,1,8,1024,81,4.5,32999
Huawei MatePad T8 LTE Tablet,huawei,android,Helio,Helio MT8768,8,1.5,1,0,0,0,2,32,5100,0,8,Widescreen (16:10),SD,60,188.68,1,5,1,2,512,58,4.55,12940
Huawei MediaPad T8 WiFi Edition Tablet,huawei,other,Helio,Helio MT8768,8,2,0,0,0,0,2,32,5100,0,8,Widescreen (16:10),SD,60,188.68,1,5,1,2,512,53,4.2,11764
Huawei MatePad SE 10.4,huawei,android,Snapdragon,Snapdragon 680,8,2.4,1,0,0,0,3,32,7250,22.5,10.4,Standard (4:3 or 5:4),HD+,60,224.27,1,5,1,2,1,73,4.4,23990
Huawei MatePad Pro 10.8 2021 (Wi-Fi Only),huawei,other,Snapdragon,Snapdragon 870,8,3.2,0,0,0,0,8,128,7250,40,10.8,Widescreen (16:10),WQXGA,60,279.53,1,13,1,8,256,79,4,47999
Huawei MediaPad T5 Tablet (Wi-Fi + 32GB),huawei,android,Kirin,Kirin 659,8,2.36,0,0,0,0,3,32,5100,0,10.1,Widescreen (16:10),HD+,60,224.17,1,5,1,2,256,61,4.05,12999
Huawei MatePad Pro 5G,huawei,other,Kirin,Kirin 990,8,2.86,1,1,0,0,6,128,7250,1,10.8,Widescreen (16:10),WQXGA,60,279.53,1,13,1,8,256,88,4.6,45990
Huawei MediaPad M6 Tablet,huawei,other,Kirin,Kirin 980,8,2.6,1,0,0,0,4,128,6100,0,8.4,Widescreen (16:10),WQXGA,60,359.39,1,13,1,8,512,75,4.35,19990
Huawei MediaPad T1-701u Tablet,huawei,other,NULL,NULL,4,1.2,1,0,0,0,1,8,4100,0,7,Standard (4:3 or 5:4),SD,60,169.55,1,2,1,2,32,43,4.1,6699
HUAWEI MatePad C7,huawei,other,Snapdragon,Snapdragon 865,8,2.84,1,0,0,0,6,128,7250,22.5,10.95,Standard (4:3 or 5:4),WQXGA,60,275.7,1,13,1,8,1024,83,4.2,34990
Huawei MatePad C5E,huawei,other,Kirin,Kirin 710A,8,2,0,0,0,0,4,64,5100,0,10.1,Standard (4:3 or 5:4),HD+,60,224.17,1,5,1,2,512,63,4.5,15999
Huawei MatePad 10.4 2022 Tablet,huawei,other,Kirin,Kirin 820,8,2.36,1,0,0,0,4,64,7250,22.5,10.4,Standard (4:3 or 5:4),HD+,60,224.27,1,8,1,8,1,76,4.3,27990
Huawei MatePad Pro 10.8 2021,huawei,other,Snapdragon,Snapdragon 870,8,3.2,1,1,0,0,8,128,7250,40,10.8,Widescreen (16:10),WQXGA,60,279.53,1,13,1,8,256,90,4.15,52990
Huawei MatePad 11 2021,huawei,android,Snapdragon,Snapdragon 865,8,2.84,0,0,0,0,6,64,7250,22.5,10.95,Widescreen (16:10),WQXGA,120,275.7,1,13,1,8,1024,73,4.1,27990
Huawei MatePad Pro 12.6 5G 2021 (Wi-Fi Only),huawei,other,Kirin,Kirin 9000E,8,3.13,0,0,0,0,8,128,10050,40,12.6,Widescreen (16:10),WQXGA,60,239.59,2,13,1,8,256,83,4.45,64990
Huawei MatePad Pro 12.6 5G 2021,huawei,other,Kirin,Kirin 9000E,8,3.13,1,1,0,0,8,128,10050,40,12.6,Widescreen (16:10),WQXGA,60,239.59,2,13,1,8,256,93,4.45,70990
Huawei MatePad 2 5G,huawei,other,Kirin,Kirin 9000,NULL,NULL,1,1,0,0,8,128,7250,40,12.2,Widescreen (16:10),WQXGA,120,247.45,1,13,1,8,256,76,4.7,41990
Huawei MatePad 5G Tablet,huawei,android,Kirin,Kirin 820,8,2.36,1,1,0,0,6,128,7250,22.5,10.4,Standard (4:3 or 5:4),HD+,60,224.27,1,8,1,8,1,78,4.05,33999
Huawei MediaPad T8 Tablet,huawei,other,Helio,Helio MT8768,8,2,1,0,0,0,2,32,5100,0,8,Widescreen (16:10),SD,60,188.68,1,5,1,2,512,62,4.3,17990
Huawei MatePad Tablet,huawei,other,Kirin,Kirin 810,8,2.27,1,0,0,0,6,128,7250,18,10.4,Standard (4:3 or 5:4),HD+,60,224.27,1,8,1,8,512,76,4.45,25999
Huawei MatePad Tablet (WiFi 6GB + 128GB),huawei,android,Kirin,Kirin 810,8,2.27,0,0,0,0,6,128,7250,18,10.4,Standard (4:3 or 5:4),HD+,60,224.27,1,8,1,8,512,70,4.25,22999
Huawei MatePad Tablet (WiFi 4GB + 64GB),huawei,other,Kirin,Kirin 810,8,2.27,0,0,0,0,4,64,7250,18,10.4,Standard (4:3 or 5:4),HD+,60,224.27,1,8,1,8,512,67,4.3,19999
Huawei MediaPad M5 Lite (4GB RAM + 64GB),huawei,android,Kirin,Kirin 659,8,2.36,1,0,0,0,4,64,7500,0,10.1,Widescreen (16:10),HD+,60,224.17,1,8,1,8,512,73,4.3,22990
Huawei MatePad Pro,huawei,other,Kirin,Kirin 990,8,2.86,1,0,0,0,6,128,7250,0,10.8,Widescreen (16:10),WQXGA,60,279.53,1,13,1,8,256,81,4.3,34990
Huawei MediaPad T5 Tablet (3GB RAM + 32GB),huawei,other,Kirin,Kirin 659,8,2.36,1,0,0,0,3,32,5100,0,10.1,Widescreen (16:10),HD+,60,224.17,1,5,1,2,256,65,4.15,14548
Huawei MediaPad M7 Tablet,huawei,android,Kirin,Kirin 990,8,2.86,0,0,0,0,4,64,6500,1,10.8,Standard (4:3 or 5:4),HD+,60,209.64,2,13,1,8,512,66,4.75,24990
Huawei MediaPad M6 Turbo 8.4 Tablet,huawei,other,Kirin,Kirin 980,8,2.6,1,0,0,0,6,128,6100,0,8.4,Widescreen (16:10),WQXGA,60,359.39,1,13,1,8,512,80,4.25,29999
Huawei MediaPad M6 10.8 Tablet (WiFi + 64GB),huawei,other,Kirin,Kirin 980,8,2.6,0,0,0,0,4,64,7500,0,10.8,Widescreen (16:10),WQXGA,60,279.53,1,13,1,8,512,70,4.7,29999
Huawei Honor Pad 5 Tablet,huawei,other,Kirin,Kirin 710,8,2.2,1,0,0,0,3,32,5100,0,8,Widescreen (16:10),HD+,60,283.02,1,8,1,8,512,67,4.75,10530
Huawei Honor Pad 5 10.1 Tablet,huawei,android,Kirin,Kirin 659,8,2.2,1,0,0,0,3,32,5100,0,10.1,Widescreen (16:10),HD+,60,224.17,1,8,1,2,256,67,4.25,16999
Huawei Matebook E 2019,huawei,other,Snapdragon,Snapdragon 855,8,2.84,1,0,0,0,8,256,NULL,NULL,12,Standard (4:3 or 5:4),2K,60,244.77,1,13,1,5,NULL,78,4.1,41999
Huawei Honor Tab 5,huawei,other,Kirin,Kirin 710,8,2.2,0,0,0,0,4,64,5100,0,8,Widescreen (16:10),HD+,60,283.02,1,8,1,8,NULL,62,4.75,11999
Huawei MediaPad M5 Lite,huawei,other,Kirin,Kirin 659,8,2.36,1,0,0,0,3,32,7500,0,10.1,Widescreen (16:10),HD+,60,224.17,1,8,1,8,256,72,4.65,20990
Huawei Honor Mediapad T3 8.0 Tablet (WiFi+4G+32GB),huawei,other,Snapdragon,Snapdragon 425,4,1.4,1,0,0,0,3,32,4800,0,8,Standard (4:3 or 5:4),SD,60,188.68,1,5,1,2,0,55,4.45,11999
Huawei MediaPad M5 Pro,huawei,other,Kirin,Kirin 960,8,NULL,1,0,0,0,4,128,7500,0,10.8,Widescreen (16:10),WQXGA,60,279.53,1,13,1,8,1,66,4.65,44999
Huawei MediaPad M5 Tablet,huawei,other,Kirin,Kirin 960,8,NULL,1,0,0,0,4,64,7500,0,10.8,Widescreen (16:10),WQXGA,60,279.53,1,13,1,8,1,62,4.05,24990
Huawei Honor Mediapad T3 8.0 Tablet (WiFi+4G+16GB),huawei,android,Snapdragon,Snapdragon MSM8917,4,NULL,1,0,0,0,2,16,4800,0,8,Widescreen (16:10),SD,60,188.68,1,5,1,2,128,45,4,9999
Huawei Honor MediaPad T3 Tablet (WiFi+4G+16GB),huawei,other,Snapdragon,Snapdragon 425,4,1.4,1,0,0,0,2,16,4800,0,9.6,Standard (4:3 or 5:4),SD,60,157.23,1,5,1,2,128,54,4.4,11999
Huawei Honor MediaPad T3 Tablet (WiFi+4G+32GB),huawei,other,Snapdragon,Snapdragon 425,4,1.4,1,0,0,0,3,32,4800,0,9.6,Standard (4:3 or 5:4),SD,60,157.23,1,5,1,2,128,58,4.45,10490
Huawei Honor Play Pad 2 (8-Inch) Tablet,huawei,other,Snapdragon,Snapdragon 615,8,1.2,1,0,0,0,3,32,4800,0,8,Standard (4:3 or 5:4),HD+,60,283.02,1,8,1,2,256,61,4.05,7599
Huawei Honor T1 7.0 (WiFi+3G+8GB),huawei,other,NULL,NULL,4,1.2,1,0,0,0,1,8,4100,0,7,Widescreen (16:10),SD,60,169.55,1,2,1,2,32,43,3.9,6286
Huawei MediaPad M2,huawei,other,Kirin,Kirin 930,8,2,1,0,0,0,2,16,4800,0,8,Standard (4:3 or 5:4),HD+,60,283.02,1,8,1,2,128,63,4.05,24999
Huawei MediaPad X2,huawei,other,Kirin,Kirin A53,8,1.5,1,0,0,0,2,16,5000,0,7,Standard (4:3 or 5:4),HD+,60,323.45,1,13,1,5,128,63,4.75,24999
Huawei Honor X1 (3G+16GB),huawei,other,Kirin,Kirin 910,4,1.6,1,0,0,0,2,16,5000,0,7,Standard (4:3 or 5:4),HD+,60,323.45,1,13,1,5,32,60,4.05,19999
Huawei Honor T1 (3G+8GB),huawei,other,NULL,NULL,4,1.2,1,0,0,0,1,8,4800,0,8,Standard (4:3 or 5:4),SD,60,188.68,1,5,1,0.3,32,47,4.2,9999
Huawei MediaPad 7 Youth2,huawei,android,NULL,NULL,4,1.2,1,0,0,0,1,4,4100,0,7,Widescreen (16:10),SD,60,169.55,1,3.2,1,0.3,32,43,4.15,6899
Huawei MediaPad X1,huawei,other,Kirin,Kirin 910,4,1.6,1,0,0,0,2,32,5000,0,7,Standard (4:3 or 5:4),HD+,60,323.45,1,13,1,5,32,65,4.1,39500
Huawei MediaPad 7 Vogue,huawei,android,NULL,NULL,4,1.2,1,0,0,0,1,8,4100,0,7,Standard (4:3 or 5:4),SD,60,169.55,1,3.15,1,0.3,32,47,3.55,13500
Huawei MediaPad 7 Youth,huawei,other,NULL,NULL,2,1.6,1,0,0,0,1,8,4100,0,7,Standard (4:3 or 5:4),SD,60,169.55,1,3.15,0,NULL,32,45,4.7,12999
Huawei MediaPad 10 Link Tablet WiFi+3G,huawei,android,NULL,NULL,4,1.2,1,0,0,0,1,8,NULL,NULL,10.1,Standard (4:3 or 5:4),SD,60,149.45,1,3,1,0.3,32,48,3.6,21319
Huawei Mediapad 7 Lite WiFi+3G (4GB),huawei,android,NULL,NULL,1,1.2,1,0,0,0,1,4,4100,0,7,Standard (4:3 or 5:4),SD,60,169.55,1,3.2,1,0.3,32,41,3.7,12999
Huawei Ideos S7,huawei,other,NULL,NULL,1,1,1,0,0,0,0.25,8,2200,0,7,Standard (4:3 or 5:4),SD,60,133.28,1,2,0,NULL,32,37,4.5,4999
Oppo Pad 4 Pro,oppo,android,Snapdragon,Snapdragon 8 Elite,8,4.32,0,0,0,0,8,256,12140,80,13.2,Standard (4:3 or 5:4),4K UHD,144,314.79,1,13,1,8,NULL,78,4,46990
Oppo Pad SE,oppo,android,Helio,Helio G100,8,2.2,0,0,0,0,6,128,9340,33,11,Standard (4:3 or 5:4),HD+,90,205.83,1,5,1,5,NULL,65,4.7,10990
Oppo Pad 3 Pro,oppo,android,Snapdragon,Snapdragon 8 Gen3,8,3.3,0,0,0,0,8,256,9510,67,12.1,Standard (4:3 or 5:4),WQHD+,144,303.59,1,13,1,8,NULL,79,4.15,39990
Oppo Pad 3 Mini,oppo,android,Dimensity,Dimensity,8,NULL,1,0,0,0,8,128,8750,33,8.7,Standard (4:3 or 5:4),HD+,90,260.25,1,8,1,8,NULL,58,4.1,19990
Oppo Pad 3 Ultra,oppo,android,NULL,NULL,8,NULL,0,0,0,0,8,256,10500,80,12.9,Standard (4:3 or 5:4),WQHD+,144,284.77,1,13,1,8,NULL,67,4.75,49990
Oppo Pad 3 Tablet,oppo,android,Dimensity,Dimensity 8350,8,3.35,1,0,0,0,8,128,9520,67,11.61,Standard (4:3 or 5:4),WQHD+,120,296.38,1,8,1,8,NULL,77,4.15,27990
Oppo Pad Neo Tablet,oppo,android,Helio,Helio G99,8,2.2,1,0,0,0,6,128,8000,33,11.36,Balanced (3:2),3K,90,260.49,1,8,1,8,NULL,73,4.35,21990
Oppo Pad Air Tablet (4GB RAM + 128GB),oppo,android,Snapdragon,Snapdragon 680,8,2.4,1,0,0,0,4,128,7100,18,10.36,Widescreen (16:10),HD+,60,225.13,1,8,1,8,NULL,71,4.6,13999
Oppo Pad Air Tablet,oppo,android,Snapdragon,Snapdragon 680,8,2.4,1,0,0,0,4,64,7100,18,10.36,Widescreen (16:10),HD+,60,225.13,1,8,1,8,NULL,69,4.15,16999
OPPO Pad Tablet,oppo,android,Snapdragon,Snapdragon 870,8,3.2,0,0,0,0,6,128,8360,33,11,Standard (4:3 or 5:4),WQXGA,120,274.44,1,13,1,8,512,75,4.05,27999
Oppo Pad Air 2 Tablet,oppo,android,Helio,Helio G99,8,2.2,1,0,0,0,6,128,8000,33,11.4,Balanced (3:2),3K,90,259.58,1,8,1,8,NULL,73,4.05,14990
Oppo Pad 2 Tablet,oppo,android,Dimensity,Dimensity 9000,8,3.05,1,0,0,0,8,256,9510,67,11.61,Standard (4:3 or 5:4),WQHD+,144,296.38,1,13,1,8,NULL,78,4.15,35990
Infinix XPAD GT,infinix,android,Snapdragon,Snapdragon 888,8,2.84,0,0,0,0,8,256,10000,33,13,Balanced (3:2),WQHD+,120,262.89,1,13,1,9,1,74,4.75,33990
Infinix XPAD,infinix,android,Helio,Helio G99,8,2.2,1,0,0,0,4,128,7000,18,11,Standard (4:3 or 5:4),HD+,90,205.83,1,8,1,8,1,72,4.1,12999
Infinix XPAD (8GB RAM + 256GB),infinix,android,Helio,Helio G99,8,2.2,1,0,0,0,8,256,7000,18,11,Standard (4:3 or 5:4),HD+,90,205.83,1,8,1,8,1,74,4.25,14999
iKall N11 Plus Tablet,ikall,android,NULL,NULL,NULL,NULL,1,0,0,0,2,16,3000,0,7,Widescreen (16:10),SD,60,169.55,1,2,1,0.3,32,49,4,3349
iKall N17 Plus 4G Tablet,ikall,android,NULL,NULL,8,1.6,1,0,0,0,3,32,4000,0,8,Standard (4:3 or 5:4),SD,60,188.68,1,8,1,5,128,62,4.75,6389
iKall N8 Pro Tablet,ikall,android,NULL,NULL,4,1.3,0,0,0,0,2,16,3000,0,7,Standard (4:3 or 5:4),SD,60,169.55,1,2,1,0.3,1,44,4,3369
iKall N7 Pro Tablet (Wi-Fi Only),ikall,android,NULL,NULL,NULL,NULL,0,0,0,0,2,16,3000,0,7,Standard (4:3 or 5:4),SD,60,162.68,1,2,1,0.3,1,39,4,3399
iKall N17 4G Tablet,ikall,android,NULL,NULL,8,1.6,1,0,0,0,3,32,4000,0,8,Standard (4:3 or 5:4),SD,60,188.68,1,8,1,5,128,63,4.65,6399
iKall N7 New Tablet (Wi-Fi Only),ikall,android,NULL,NULL,4,1.3,0,0,0,0,2,16,3000,0,7,Widescreen (16:10),SD,60,169.55,1,2,1,0.3,32,44,4.1,3379
iKall N11 New Tablet (Wi-Fi Only),ikall,android,NULL,NULL,NULL,NULL,1,0,0,0,2,16,3000,0,7,Widescreen (16:10),SD,60,169.55,1,2,1,0.3,32,49,4.5,3307
iKall N4 Tablet New,ikall,android,NULL,NULL,4,1.1,1,0,0,0,2,32,3000,0,7,Standard (4:3 or 5:4),SD,60,169.55,1,5,1,2,128,54,4.45,4699
iKall N6 New Tablet,ikall,android,NULL,NULL,4,1.3,0,0,0,0,2,32,3000,0,7,Widescreen (16:10),SD,60,169.55,1,5,1,2,32,46,4.3,3989
iKall N14 4G Tablet (3GB RAM + 32GB),ikall,android,NULL,NULL,4,1.3,1,0,0,0,3,32,5000,0,8,Standard (4:3 or 5:4),SD,60,188.68,1,8,1,5,128,59,4.65,6699
iKall N3 4G Tablet,ikall,android,NULL,NULL,4,1.3,1,0,0,0,4,32,3000,0,7,Standard (4:3 or 5:4),SD,60,169.55,1,5,1,2,32,61,4.25,6099
iKall N12 Tablet,ikall,android,NULL,NULL,NULL,NULL,1,0,0,0,4,32,3000,0,7,Widescreen (16:10),SD,60,169.55,1,5,1,2,NULL,51,4.45,7099
iKall IK1 Tablet,ikall,android,NULL,NULL,4,1.2,1,0,0,0,1,8,3000,0,7,Widescreen (16:10),SD,60,169.55,1,5,1,2,32,46,4.15,3999
iKall N10 Tablet,ikall,android,Other,Other,4,1.2,1,0,0,0,2,16,6000,0,10.1,Widescreen (16:10),SD,60,149.45,1,5,1,2,32,52,4.55,5299
iKall N5 Tablet,ikall,android,Helio,Helio MTK8735,4,1,1,0,0,0,2,16,3000,0,7,Widescreen (16:10),SD,60,169.55,1,5,1,2,32,51,4.1,4179
iKall K1 Tablet,ikall,android,NULL,NULL,2,1.2,1,0,0,0,1,4,3000,0,7,Standard (4:3 or 5:4),SD,60,169.55,1,2,1,0.3,32,42,4.45,2912
iKall N18 Smart Tablet (6GB RAM + 128GB),ikall,android,NULL,NULL,NULL,NULL,0,0,0,0,6,NULL,6000,0,10,NULL,NULL,60,NULL,1,13,1,8,NULL,55.93565645494192,4.25,9519
iKall N19 Smart Tablet (4GB RAM + 64GB),ikall,android,Helio,Helio 6762,4,2.4,1,0,0,0,4,64,6000,0,10,Widescreen (16:10),SD,60,150.94,1,13,1,8,256,68,4.75,8949
iKall N19 Smart Tablet,ikall,android,Helio,Helio 6762,4,2.4,1,0,0,0,6,128,6000,0,10,Widescreen (16:10),SD,60,150.94,1,13,1,8,256,71,4.35,9553
iKall N18 Smart Tablet,ikall,android,Helio,Helio 6757,4,2.4,1,0,0,0,6,128,6000,0,10,Widescreen (16:10),SD,60,150.94,1,13,1,8,1,70,4.35,8399
iKall N20 4G Tablet,ikall,android,NULL,NULL,8,2,1,0,0,0,3,32,5000,0,10.1,Widescreen (16:10),SD,60,149.45,1,8,1,5,256,64,4.25,7299
iKall N13 4G New Tablet,ikall,android,NULL,NULL,4,2,1,0,0,0,3,32,4000,0,8,Standard (4:3 or 5:4),SD,60,148.35,1,8,1,5,1,59,4.75,6888
iKall N5 Pro Tablet,ikall,android,Helio,Helio MTK8735,4,1,1,0,0,0,2,32,3000,0,7,Widescreen (16:10),SD,60,215.63,1,5,1,2,32,57,4.5,4999
iKall N3 Plus Tablet,ikall,android,NULL,NULL,8,2,1,0,0,0,3,32,4500,0,8,Standard (4:3 or 5:4),SD,60,100,1,5,1,2,128,59,4.1,6999
iKall N13 Plus,ikall,android,NULL,NULL,4,1.3,1,0,0,0,3,32,4500,0,8,Standard (4:3 or 5:4),SD,60,100,1,5,1,2,32,56,4.1,7124
iKall N1 New Tablet,ikall,android,NULL,NULL,2,1.2,1,0,0,0,0.5,4,3000,0,7,Standard (4:3 or 5:4),SD,60,169.55,1,2,1,0.3,32,42,4.25,3199
iKall N2 Pro New Tablet,ikall,android,NULL,NULL,NULL,NULL,1,0,0,0,0.5,4,2800,0,7,Widescreen (16:10),SD,60,169.55,1,2,1,0.3,NULL,37,4.6,3194
iKall N8 Tablet 2023,ikall,android,NULL,NULL,NULL,1.3,0,0,0,0,2,16,3000,0,7,Widescreen (16:10),SD,60,169.55,1,2,1,0.3,32,39,4.4,3299
iKall N19 Pro Tablet,ikall,android,NULL,NULL,8,1.6,1,0,0,0,3,32,4000,0,8,Standard (4:3 or 5:4),SD,60,186.08,1,8,1,5,128,65,4.4,7499
iKall N19 4G 2022 Tablet,ikall,android,NULL,NULL,8,1.6,1,0,0,0,3,32,4000,0,8,NULL,NULL,60,NULL,1,8,1,5,128,55,4.45,7465
iKall N16 4G Tablet,ikall,android,NULL,NULL,8,1.6,1,0,0,0,3,32,4000,0,8,NULL,NULL,60,NULL,1,8,1,5,128,55,4,6599
iKall N15 4G Tablet (4GB RAM + 64GB),ikall,android,NULL,NULL,8,2,1,0,0,0,4,64,6000,0,10,Widescreen (16:10),SD,60,150.94,1,13,1,8,128,67,4.45,10990
iKall N5 Tablet (3GB RAM + 32GB),ikall,android,NULL,NULL,4,NULL,1,0,0,0,3,32,4000,0,7,Widescreen (16:10),SD,60,169.55,1,8,1,5,128,53,4.15,4454
iKall N2 Pro Tablet,ikall,android,NULL,NULL,NULL,NULL,1,0,0,0,0.5,4,2800,0,7,Widescreen (16:10),SD,60,169.55,1,2,1,0.3,NULL,37,4,3999
iKall N20 Tablet,ikall,android,NULL,NULL,4,1.6,1,0,0,0,3,32,5000,0,10,Standard (4:3 or 5:4),SD,60,150.94,1,8,1,5,128,65,4.4,8999
iKall N9 Tablet (Wi-Fi+3G+32GB),ikall,android,NULL,NULL,2,1.3,1,0,0,0,2,32,3000,0,7,Widescreen (16:10),SD,60,169.55,1,5,1,2,32,51,4,4699
iKall N5 Tablet (2GB RAM + 32GB),ikall,android,Helio,Helio MTK8735,4,1,1,0,0,0,2,32,3000,0,7,Widescreen (16:10),SD,60,169.55,1,5,1,2,32,54,4.65,4449
iKALL N19 4G Tablet,ikall,android,NULL,NULL,4,1.3,1,0,0,0,2,16,3000,0,8,NULL,NULL,60,NULL,1,5,1,2,64,51,4.7,5889
iKall N18 4G Tablet,ikall,android,NULL,NULL,4,1.6,1,0,0,0,3,32,5000,0,10,Widescreen (16:10),SD,60,150.94,1,8,1,5,128,65,4.7,9119
iKall N16 3G Tablet,ikall,android,NULL,NULL,4,1.3,1,0,0,0,2,16,4000,0,8,Standard (4:3 or 5:4),SD,60,188.68,1,5,1,2,64,53,4.3,5194
iKall N15 4G Tablet,ikall,android,NULL,NULL,4,1.6,1,0,0,0,3,32,6000,0,10,Widescreen (16:10),SD,60,150.94,1,8,1,5,128,62,4.75,8994
iKall N13 4G Tablet,ikall,android,NULL,NULL,4,1.3,1,0,0,0,2,16,4000,0,7,Standard (4:3 or 5:4),SD,60,169.55,1,5,1,2,1,53,4.05,5220
iKall N14 4G Tablet,ikall,android,NULL,NULL,4,1.3,1,0,0,0,2,16,5000,0,8,Standard (4:3 or 5:4),SD,60,188.68,1,8,1,5,1,54,4.25,6699
iKall N11 Tablet (2GB RAM + 32GB),ikall,android,NULL,NULL,NULL,NULL,1,0,0,0,2,32,3000,0,7,Widescreen (16:10),SD,60,169.55,1,5,1,2,NULL,49,4.5,5999
iKall N12 Tablet (2GB RAM + 32GB),ikall,android,NULL,NULL,NULL,NULL,1,0,0,0,2,32,3000,0,7,Widescreen (16:10),SD,60,169.55,1,5,1,2,NULL,49,4.45,5999
iKall N3 4G Tablet (2GB RAM + 32GB),ikall,android,NULL,NULL,4,1.3,1,0,0,0,2,32,3000,0,7,Standard (4:3 or 5:4),SD,60,169.55,1,5,1,2,32,58,4.65,5999
iKall N6 Tablet (2GB RAM + 32GB),ikall,android,NULL,NULL,4,1.3,1,0,0,0,2,32,3000,0,7,Widescreen (16:10),SD,60,169.55,1,5,1,2,32,54,4.45,5999
iKall N6 Tablet (4GB RAM + 32GB),ikall,android,NULL,NULL,4,1.3,1,0,0,0,4,32,3000,0,7,Widescreen (16:10),SD,60,169.55,1,5,1,2,32,57,4.25,6099
iKall N11 Tablet,ikall,android,NULL,NULL,NULL,NULL,1,0,0,0,4,32,3000,0,7,Widescreen (16:10),SD,60,169.55,1,5,1,2,NULL,51,4.25,6999
iKall N3 Plus,ikall,android,Helio,Helio MTK8312CW,2,1.3,1,0,0,0,2,16,3000,0,7,NULL,NULL,60,NULL,1,5,1,2,32,43,4.65,3599
iKall IK1 Tablet (WiFi+3G+4GB),ikall,android,NULL,NULL,4,1.2,1,0,0,0,1,4,3000,0,7,Widescreen (16:10),SD,60,169.55,1,5,1,2,32,44,4.1,3299
iKall N5 Plus Tablet,ikall,android,NULL,NULL,4,1,1,0,0,0,2,16,3000,0,7,Widescreen (16:10),SD,60,169.55,1,5,1,2,1,52,4.5,4499
iKall N5 Tablet (2GB RAM + 8GB),ikall,android,Helio,Helio MTK8735,4,1,1,0,0,0,2,8,3000,0,7,Widescreen (16:10),SD,60,169.55,1,5,1,2,32,52,4.65,4084
iKall N8 Tablet (1GB RAM +16GB),ikall,android,NULL,NULL,NULL,1.3,1,0,0,0,1,16,3000,0,7,Widescreen (16:10),SD,60,169.55,1,5,0,NULL,NULL,40,4.6,3399
iKall N6 Plus Tablet,ikall,android,NULL,NULL,2,1.3,1,0,0,0,1,8,2500,0,7,Widescreen (16:10),SD,60,169.55,1,5,1,2,1,44,4.15,3699
iKall N9 Tablet (1GB RAM +16GB),ikall,android,NULL,NULL,2,1.3,1,0,0,0,1,16,3000,0,7,Widescreen (16:10),SD,60,169.55,1,5,1,2,32,47,4.4,3599
iKall N6 Tablet (WiFi+4G+8GB),ikall,android,NULL,NULL,2,1.3,1,0,0,0,1,8,2800,0,7,Widescreen (16:10),SD,60,169.55,1,5,1,2,32,46,4.05,3899
iKall N8 New Tablet (WiFi+3G+16GB),ikall,android,NULL,NULL,NULL,1.3,1,0,0,0,2,16,3000,0,7,Widescreen (16:10),SD,60,169.55,1,5,0,NULL,NULL,42,4.1,3599
iKall N8 New Tablet (WiFi+3G+8GB),ikall,android,Other,Other,4,1.3,1,0,0,0,1,8,3000,0,7,Widescreen (16:10),SD,60,169.55,1,2,1,0.3,32,46,4.35,3799
iKall N10 Tablet (1GB RAM +16GB),ikall,android,Other,Other,4,1.2,1,0,0,0,1,16,6000,0,10.1,Widescreen (16:10),SD,60,149.45,1,5,1,2,32,49,4.2,6099
iKall N10 Tablet (1GB RAM +8GB),ikall,android,Other,Other,4,1.2,1,0,0,0,1,8,6000,0,10.1,Widescreen (16:10),SD,60,149.45,1,5,1,2,32,48,4.65,5899
iKall N1 (2GB RAM+16GB),ikall,android,NULL,NULL,4,1.1,1,0,0,0,2,16,4000,0,8,Widescreen (16:10),SD,60,188.68,1,5,1,2,32,55,4.4,5200
iKall N1 Tablet (8GB),ikall,android,NULL,NULL,4,1.1,1,0,0,0,1,8,4000,0,8,Widescreen (16:10),SD,60,188.68,1,5,1,2,32,48,4,4699
iKall N1 Tablet (16GB),ikall,android,NULL,NULL,1,1.1,1,0,0,0,1,16,4000,0,8,Widescreen (16:10),SD,60,188.68,1,5,1,2,1,46,4.4,5114
iKall N4 Tablet (16GB),ikall,android,NULL,NULL,4,1,1,0,0,0,1,16,3000,0,7,Standard (4:3 or 5:4),SD,60,169.55,1,5,1,2,32,50,4.2,4199
iKall N6 Tablet,ikall,android,NULL,NULL,1,1.2,1,0,0,0,0.5,8,2800,0,7,Widescreen (16:10),SD,60,169.55,1,2,1,0.3,32,39,4.45,2999
iKall N2 Tablet,ikall,android,NULL,NULL,1,1.2,1,0,0,0,0.5,4,2800,0,7,Widescreen (16:10),SD,60,169.55,1,2,1,0.3,32,36,4.25,3390
iKall N8 Tablet,ikall,android,NULL,NULL,2,1.2,1,0,0,0,0.5,8,2800,0,7,Standard (4:3 or 5:4),SD,60,169.55,1,2,1,0.3,32,42,4.55,3089
iKall N7 Tablet,ikall,android,NULL,NULL,2,1.2,1,0,0,0,0.5,8,2800,0,7,Standard (4:3 or 5:4),SD,60,169.55,1,2,1,0.3,32,42,4.15,3199
iKall N4 Tablet,ikall,android,Helio,Helio MTK8735,4,1,1,0,0,0,1,8,3000,0,7,Widescreen (16:10),SD,60,169.55,1,5,1,2,32,45,4.35,3799
iKall N3 Tablet,ikall,android,NULL,NULL,4,1.3,1,0,0,0,1,8,3400,0,7,Standard (4:3 or 5:4),SD,60,169.55,1,5,1,2,32,47,4.4,3199
iKall V105 Tablet,ikall,android,NULL,NULL,2,1.2,1,0,0,0,0.5,8,2000,0,7,Widescreen (16:10),SD,60,169.55,1,2,1,0.3,NULL,36,3.95,3299
iKall N1 Tablet,ikall,android,NULL,NULL,2,1.2,1,0,0,0,0.5,4,2800,0,7,Standard (4:3 or 5:4),SD,60,169.55,1,2,1,0.3,32,41,4.35,3299
iKall IK2 Tablet,ikall,android,NULL,NULL,1,1.3,1,0,0,0,1,8,3000,0,7,Widescreen (16:10),SD,60,169.55,1,5,1,2,32,39,3.7,2999
Vivo Pad 5 Pro,vivo,android,Dimensity,Dimensity 9400,8,3.63,0,0,0,0,8,128,12050,66,13,Standard (4:3 or 5:4),WQHD+,144,286.23,1,13,1,8,NULL,74,4.1,35999
Vivo Pad SE,vivo,android,Snapdragon,Snapdragon 4 Gen2,8,2.2,0,0,1,0,8,128,8500,15,12.3,Standard (4:3 or 5:4),WQXGA,120,238.85,1,5,1,5,NULL,69,4.7,11990
Vivo Pad Air Tablet,vivo,android,Snapdragon,Snapdragon 870,8,3.2,0,0,0,0,8,128,8500,44,11.5,Standard (4:3 or 5:4),WQHD+,144,291.34,1,8,1,5,NULL,71,4.6,20499
Vivo Pad 3 Pro,vivo,android,Dimensity,Dimensity 9300,8,3.25,0,0,1,0,8,128,11500,66,13,Standard (4:3 or 5:4),WQHD+,144,286.23,1,13,1,8,NULL,75,4.2,39990
Vivo Pad Tablet,vivo,android,Snapdragon,Snapdragon 870,8,3.2,0,0,1,0,8,128,8040,44,11,Standard (4:3 or 5:4),WQXGA,120,274.44,2,13,1,8,NULL,76,4.4,28990
Vivo Pad 4 Pro,vivo,android,Dimensity,Dimensity 9400,8,3.63,0,0,1,0,8,128,12000,66,12.95,Standard (4:3 or 5:4),WQHD+,144,287.33,1,13,1,8,NULL,76,4.6,45990
Vivo Pad 3,vivo,android,Snapdragon,Snapdragon 8s Gen3,8,3,0,0,0,0,8,128,10000,44,12.1,Standard (4:3 or 5:4),WQHD+,144,282.85,1,8,1,5,NULL,72,4.45,28990
Vivo Pad 2,vivo,android,Dimensity,Dimensity 9000,8,3.05,0,0,1,0,8,128,10000,44,12.1,Standard (4:3 or 5:4),WQHD+,144,282.85,2,13,1,8,NULL,76,4,29990
Poco Pad 5G Tablet,poco,android,Snapdragon,Snapdragon 7s Gen2,8,2.4,1,1,0,0,8,128,10000,33,12.1,Standard (4:3 or 5:4),WQXGA,120,249.49,1,8,1,8,1536,81,4.5,23999
Poco Pad 5G Tablet (8GB RAM +256GB),poco,android,Snapdragon,Snapdragon 7s Gen2,8,2.4,1,1,0,0,8,256,10000,33,12.1,Standard (4:3 or 5:4),WQXGA,120,249.49,1,8,1,8,1536,82,4,25999
Poco Pad 2 Tablet,poco,android,Snapdragon,Snapdragon 7s Gen3,8,NULL,1,1,0,0,8,128,10500,33,12.1,Standard (4:3 or 5:4),3K,120,268.18,1,13,1,8,1536,71,4.75,27990
Poco Pad Tablet,poco,android,Snapdragon,Snapdragon 7s Gen2,8,2.4,0,0,0,0,8,256,10000,33,12.1,Standard (4:3 or 5:4),WQXGA,120,249.49,1,8,1,8,1,72,4.4,24990
DOMO Slate S10 DC Tablet,domo,android,Helio,Helio MT8735,4,1.3,1,0,0,0,2,32,3000,0,7,Standard (4:3 or 5:4),SD,60,169.55,1,5,1,2,128,57,4.5,3990
DOMO Slate SL39 Tablet,domo,android,Helio,Helio MT6750,8,2.5,1,0,0,0,4,32,5020,0,10.1,Widescreen (16:10),SD,60,149.45,1,13,1,5,128,69,4.55,6949
Domo Slate TAB SSM28 OS11 Tablet (Dual Sim),domo,android,Helio,Helio MT6753,4,1.5,1,0,0,0,4,64,5020,0,8,Widescreen (16:10),SD,60,188.68,1,13,1,5,512,66,4.45,6989
DOMO Slate S10 DC 4G New,domo,android,Helio,Helio A22,4,2,1,0,0,0,4,64,3000,0,7,Standard (4:3 or 5:4),SD,60,169.55,1,5,1,2,512,64,4.35,5989
DOMO Slate SLP29 T618 Tablet,domo,android,Tiger,Tiger T618,8,2,1,0,0,0,8,256,7500,0,11,Widescreen (16:10),HD+,60,212.03,1,13,1,5,512,77,4.7,14990
DOMO Tab S10 3G Tablet,domo,android,NULL,NULL,NULL,NULL,1,0,0,0,2,32,NULL,NULL,7,Widescreen (16:10),SD,60,169.55,0,NULL,1,2,128,46,4.15,4490
DOMO Slate SLP9 T310 Tablet,domo,android,Tiger,Tiger T310,8,2,1,0,0,0,4,64,5020,0,10.1,Widescreen (16:10),HD+,60,224.17,1,5,1,2,512,71,4.75,9490
DOMO Slate SLP9 Tablet,domo,android,NULL,NULL,NULL,NULL,1,0,0,0,4,64,5020,0,10.1,Widescreen (16:10),HD+,60,224.17,1,13,1,5,512,64,4.1,9849
DOMO Slate S10 Tablet (4GB RAM + 32GB),domo,android,NULL,NULL,NULL,NULL,1,0,0,0,4,32,3000,0,7,Widescreen (16:10),SD,60,169.55,1,13,1,8,128,53,4.6,4989
DOMO Slate SLP12 Tablet,domo,android,Tiger,Tiger T610,8,1.8,1,0,0,0,4,64,7500,0,10.5,Widescreen (16:10),HD+,60,222.13,1,13,1,5,1024,71,4.7,9449
Domo Slate TAB SSM28 4G Tablet,domo,android,Helio,Helio MT6753,4,1.5,1,0,0,0,4,64,5020,0,8,Widescreen (16:10),SD,60,188.68,1,13,1,5,512,64,4.6,6548
DOMO Slate SLP8 T310 Tablet,domo,android,NULL,NULL,8,1.6,1,0,0,0,4,64,5020,0,10.1,Standard (4:3 or 5:4),SD,60,149.45,1,13,1,5,512,69,4.65,9965
Domo Slate TAB SSM28 Tablet,domo,android,Helio,Helio MT6753,4,1.5,1,0,0,0,4,64,4020,0,8,Widescreen (16:10),SD,60,188.68,1,5,1,2,512,65,4.65,6589
DOMO Tab SLP12 4G Gaming Tablet,domo,android,Tiger,Tiger T610,8,1.8,1,0,0,0,4,64,7500,0,12.5,Widescreen (16:10),HD+,60,186.59,1,13,1,5,1024,69,4.75,9990
Domo Slate SLP39 Tablet,domo,android,Helio,Helio MTK 6750,8,2.5,1,0,0,0,4,32,5020,0,10.1,Widescreen (16:10),SD,60,149.45,1,5,1,2,512,69,4,6999
DOMO Slate SL36 SE Tablet,domo,android,Helio,Helio MT6750,8,2.5,1,0,0,0,2,32,5020,0,10.1,Widescreen (16:10),SD,60,149.45,1,8,1,5,128,66,4.55,6549
DOMO Slate SS1 Tablet,domo,android,Other,Other,4,1.2,1,0,0,0,0.5,4,3000,0,7,Standard (4:3 or 5:4),SD,60,169.55,1,5,1,2,128,43,4.2,2649
DOMO Slate SS5 Tablet,domo,android,NULL,NULL,NULL,NULL,0,0,0,0,2,NULL,3000,0,7,NULL,NULL,60,NULL,1,5,1,2,NULL,63,4.3,4999
DOMO Slate SL37 Tablet,domo,android,NULL,NULL,NULL,NULL,1,0,0,0,3,32,5020,0,10.1,Widescreen (16:10),SD,60,149.45,1,5,1,2,512,56,4.35,6689
DOMO Slate X17 Tablet,domo,android,Other,Other,4,1.6,0,0,0,0,2,32,3000,0,7,Standard (4:3 or 5:4),SD,60,133.28,1,5,1,2,64,47,4.2,4489
DOMO Slate SLP5KB Tablet,domo,android,NULL,NULL,NULL,NULL,1,0,0,0,2,32,5020,0,10.1,Standard (4:3 or 5:4),SD,60,142.79,1,13,1,5,512,56,4.65,13990
DOMO Slate SSM25 Tablet,domo,android,Helio,Helio MT6753,4,1.5,1,0,0,0,2,32,4020,0,8,Widescreen (16:10),SD,60,188.68,1,5,1,2,128,61,4.25,6099
DOMO Slate SLP8 Tablet,domo,android,NULL,NULL,8,1.6,1,0,0,0,4,64,5020,0,10.1,Standard (4:3 or 5:4),SD,60,149.45,1,13,1,5,512,69,4.2,9759
DOMO Slate SLP5 Tablet,domo,android,NULL,NULL,8,1.6,1,0,0,0,2,32,5020,0,10.1,Widescreen (16:10),SD,60,149.45,1,13,1,5,512,64,4.6,10990
DOMO Slate S3 Tablet,domo,android,Helio,Helio MT6582,4,1.3,1,0,0,0,1,8,3000,0,7,Standard (4:3 or 5:4),SD,60,169.55,1,5,1,2,128,49,4.6,3050
DOMO Slate SS4 Tablet,domo,android,NULL,NULL,NULL,NULL,1,0,0,0,1,32,3000,0,7,Widescreen (16:10),SD,60,169.55,1,5,1,2,1,47,4,4740
DOMO Slate X15s Tablet,domo,android,NULL,NULL,NULL,NULL,1,0,0,0,1,16,3000,0,7,Widescreen (16:10),SD,60,169.55,1,5,1,2,NULL,37,4.35,4690
DOMO Slate SL48 OS8 Tablet,domo,android,NULL,NULL,NULL,NULL,1,0,0,0,4,64,5020,0,10.1,Widescreen (16:10),HD+,60,224.17,1,13,1,5,512,64,4.45,16490
DOMO Slate SLP9KB Tablet,domo,android,NULL,NULL,NULL,NULL,1,0,0,0,4,64,5020,0,10.1,Widescreen (16:10),HD+,60,224.17,1,13,1,5,512,64,4.55,17490
DOMO Slate S1,domo,android,Helio,Helio MT6582,4,1.3,1,0,0,0,0.5,4,3000,0,10.1,Standard (4:3 or 5:4),SD,60,117.51,1,5,1,2,128,46,4.75,2790
DOMO Slate SL33 Tablet,domo,android,Helio,Helio MT6580,4,1.3,1,0,0,0,2,32,5020,0,10.1,Standard (4:3 or 5:4),SD,60,149.45,1,8,1,5,128,58,4.3,16990
DOMO Slate S9 Tablet,domo,android,Helio,Helio MT8735,4,1,1,0,0,0,2,16,2800,0,7,Standard (4:3 or 5:4),SD,60,169.55,1,5,1,2,128,56,4.55,8888
DOMO Slate SL35 Tablet,domo,android,NULL,NULL,4,1.3,1,0,0,0,2,32,5020,0,10.1,Widescreen (16:10),SD,60,149.45,1,8,1,5,128,56,4.45,8449
DOMO Slate SL36 Tablet,domo,android,Other,Other,4,1.5,1,0,0,0,2,32,5020,0,10.1,Widescreen (16:10),SD,60,149.45,1,8,1,5,128,62,4.65,6639
DOMO Slate SL34 Tablet,domo,android,Helio,Helio 6737,NULL,NULL,1,0,0,0,1,16,5020,0,10.1,Widescreen (16:10),SD,60,149.45,1,8,1,5,128,47,4,5990
Domo Slate X16 Tablet,domo,android,Other,Other,4,1.3,1,0,0,0,1,8,2500,0,7,Widescreen (16:10),SD,60,169.55,1,3.1,1,2,NULL,43,3.8,3290
DOMO Slate SL31 Tablet,domo,android,Helio,Helio MT6582,4,1.3,1,0,0,0,2,32,3000,0,10.1,Standard (4:3 or 5:4),SD,60,133.07,1,8,1,5,128,49,4.3,6490
DOMO Slate SL30 Tablet,domo,android,Helio,Helio MT6582,4,1.3,1,0,0,0,1,16,3000,0,10.1,Widescreen (16:10),SD,60,149.45,1,8,1,5,128,46,4,4490
Domo Slate SL32 Tablet,domo,android,NULL,NULL,NULL,NULL,1,0,0,0,1,16,3000,0,10.1,Widescreen (16:10),SD,60,149.45,1,8,1,2,NULL,44,4.05,6990
DOMO Slate S10,domo,android,Helio,Helio MT8735,4,1.3,1,0,0,0,2,16,2800,0,7,Standard (4:3 or 5:4),SD,60,169.55,1,5,1,2,128,56,4.5,5490
Domo Slate S8,domo,android,Helio,Helio MT8735,4,1.3,1,0,0,0,1,8,2800,0,7,Standard (4:3 or 5:4),SD,60,169.55,1,5,1,2,128,51,3.8,6490
DOMO Slate S7,domo,android,Helio,Helio MT8735,4,1,1,0,0,0,1,8,3000,0,7,Standard (4:3 or 5:4),SD,60,169.55,1,5,1,2,128,47,4.25,5390
DOMO Slate S5 Tablet,domo,android,NULL,NULL,2,1,1,0,0,0,0.5,8,2500,0,7,Standard (4:3 or 5:4),SD,60,169.55,1,3,1,2,64,44,3,3990
DOMO Slate X2G Calling Tablet,domo,android,NULL,NULL,1,1.2,1,0,0,0,0.5,4,3200,0,7,Widescreen (16:10),SD,60,133.28,1,2,1,0.3,32,35,3.45,6990
DOMO Slate X3G 4th Tablet (WiFi+3G+8GB),domo,android,NULL,NULL,4,1,1,0,0,0,1,8,3200,0,7,Standard (4:3 or 5:4),SD,60,169.55,1,5,1,3,64,46,3.55,6990
DOMO Slate X15,domo,android,NULL,NULL,2,1.5,0,0,0,0,0.5,4,2500,0,7,Standard (4:3 or 5:4),SD,60,133.28,1,3.1,1,2,64,35,4.5,2990
Nokia T10 Tablet,nokia,android,Tiger,Tiger T606,8,2,1,0,0,0,3,32,5250,0,8,Standard (4:3 or 5:4),SD,60,180.28,1,8,1,2,1,65,4.45,6926
Nokia T21 Tablet (Wi-Fi Only),nokia,android,Tiger,Tiger T612,8,2,0,0,0,0,4,64,8200,18,10.36,Standard (4:3 or 5:4),HD+,60,225.13,1,8,1,8,512,67,4.6,19999
Nokia T10 Tablet (LTE+4GB+64GB),nokia,android,Tiger,Tiger T606,8,2,1,0,0,0,4,64,5250,0,8,Standard (4:3 or 5:4),SD,60,180.28,1,8,1,2,1,67,4.75,10000
Nokia T21 Tablet,nokia,android,Tiger,Tiger T612,8,2,1,0,0,0,4,64,8200,18,10.36,Standard (4:3 or 5:4),HD+,60,225.13,1,8,1,8,512,75,4.7,19999
Nokia T10 Tablet (Wi-Fi+32GB),nokia,android,Tiger,Tiger T606,8,2,0,0,0,0,3,32,5250,0,8,Standard (4:3 or 5:4),SD,60,188.68,1,8,1,2,1,59,4,6899
Nokia T20 Tablet (Wi-Fi+64GB),nokia,android,Tiger,Tiger T610,8,1.8,0,0,0,0,4,64,8200,0,10.4,Standard (4:3 or 5:4),HD+,60,224.27,1,8,1,5,512,65,4.2,14990
Nokia T10 Tablet (Wi-Fi+4GB+64GB),nokia,android,Tiger,Tiger T606,8,2,0,0,0,0,4,64,5250,0,8,Standard (4:3 or 5:4),SD,60,188.68,1,8,1,2,1,62,4.45,9999
Nokia T20 4G Tablet,nokia,android,Tiger,Tiger T610,8,1.8,1,0,0,0,4,64,8200,0,10.4,Standard (4:3 or 5:4),HD+,60,224.27,1,8,1,5,512,73,3.95,17086
Nokia T20 Tablet (Wi-Fi+32GB),nokia,android,Tiger,Tiger T610,8,1.8,0,0,0,0,3,32,8200,0,10.4,Standard (4:3 or 5:4),HD+,60,224.27,1,8,1,5,512,63,4.2,12499
Nokia N1,nokia,android,Intel,Intel Z3580,4,2.3,0,0,0,0,2,32,5300,0,7.9,Standard (4:3 or 5:4),WQXGA,60,324.05,1,8,1,5,0,55,4.4,15499
Nokia Lumia 2520 Tablet,nokia,android,NULL,NULL,4,2.2,1,0,1,0,2,32,8000,0,10.1,Standard (4:3 or 5:4),HD+,60,218.11,1,6.7,1,2,32,65,4.55,21990
Acer Iconia iM10-22 Tablet (8 GB RAM + 256 GB),acer,other,Helio,Helio G99,8,2.2,1,0,0,0,8,256,7100,0,10.36,Widescreen (16:10),HD+,60,225.13,1,16,1,8,1024,73,4.25,19990
Acer Iconia iM10-22 Tablet,acer,android,Helio,Helio G99,8,2.2,1,0,0,0,6,128,7100,0,10.36,Widescreen (16:10),HD+,60,225.13,1,16,1,8,1024,72,4.65,17990
Acer Iconia iM9-12M Tablet,acer,android,Helio,Helio P22T,8,2.3,1,0,0,0,4,64,5100,0,8.7,Widescreen (16:10),SD,60,173.5,1,8,1,5,1024,64,4,13999
Acer Iconia Tab P10,acer,android,Helio,Helio G99,8,2.2,0,0,0,0,4,128,8000,0,10.5,Widescreen (16:10),HD+,90,215.63,1,8,1,5,1024,63,4.7,10990
Acer One 8 Tablet 2023,acer,android,Helio,Helio MT8768,4,NULL,1,0,0,0,3,32,5100,0,8.7,Widescreen (16:10),SD,60,179.38,1,8,1,2,1,54,4,21990
Acer Iconia Tab M10,acer,android,Other,Other,8,2,0,0,0,0,4,64,6000,0,10.1,Widescreen (16:10),HD+,60,224.17,1,13,1,5,1024,62,4.05,11999
Acer One 10 T8-129L Tablet,acer,android,Helio,Helio MT8766WA,4,NULL,1,0,0,0,4,64,6600,0,10.1,Widescreen (16:10),SD,60,149.45,1,8,1,5,256,58,4.1,18999
Acer Iconia X12 Tablet,acer,android,Helio,Helio G99,8,2.2,0,0,0,0,8,256,10000,30,12.6,Widescreen (16:10),WQXGA,60,239.59,1,13,1,8,NULL,71,4.25,28990
Acer Tablet A410 4G,acer,android,Tiger,Tiger T606,NULL,NULL,1,0,0,0,4,128,6000,0,10.1,Widescreen (16:10),SD,60,149.45,1,8,1,5,NULL,57,4.7,11999
Acer One 8 T9-422L Tablet (4GB RAM + 64GB),acer,other,Helio,Helio MT8768,4,NULL,1,0,0,0,4,64,5100,0,8.7,Widescreen (16:10),SD,60,179.38,1,8,1,2,1024,57,4.25,9320
Acer one 10 T9-1212L Tablet,acer,android,Helio,Helio MTK8768WA,8,2,1,0,0,0,4,64,7100,0,10.1,Widescreen (16:10),HD+,60,224.17,1,13,1,5,1024,72,4,16604
Acer One 10 T9-1212L Tablet (6GB RAM + 128GB),acer,other,Helio,Helio MTK8768WA,8,2,1,0,0,0,6,128,7100,0,10.1,Widescreen (16:10),HD+,60,224.17,1,13,1,5,1024,76,4.1,18099
Acer One T4-82L Tablet,acer,other,Helio,Helio MT8766B,4,2,1,0,0,0,2,32,5100,0,8,Widescreen (16:10),SD,60,188.68,1,8,1,2,128,61,4.1,8999
Acer One 10 Tablet,acer,android,Helio,Helio MT8766WA,4,NULL,1,0,0,0,4,64,6600,0,10.1,Widescreen (16:10),SD,60,149.45,1,8,1,5,256,58,4.05,14064
Acer One 10 T4-129L Tablet,acer,android,Helio,Helio MTK8765,4,1.5,1,0,0,0,3,32,5800,0,10,Standard (4:3 or 5:4),SD,60,150.94,1,5,0,NULL,1,59,4.15,12999
Acer One 7 4G Tablet,acer,other,Helio,Helio MT8735W,4,1.3,1,0,0,0,2,16,3500,0,7,Widescreen (16:10),SD,60,215.63,1,5,1,2,64,58,4.65,6999
Acer One 7 Tablet (WiFi+3G+8GB),acer,android,Helio,Helio MT8321,4,1.5,1,0,0,0,1,8,3450,0,7,Widescreen (16:10),SD,60,169.55,1,2,1,0.3,32,44,4.6,4998
Acer Iconia W1-811 Tablet,acer,other,Intel,Intel Z3735F,4,1.83,1,0,0,0,2,32,4600,0,8,Standard (4:3 or 5:4),SD,60,186.59,1,2,1,2,NULL,51,3.6,9299
Acer Iconia Tab 8W (32GB),acer,other,Intel,Intel Z3735G,4,1.33,1,0,0,0,1,32,4600,0,8,Widescreen (16:10),SD,60,188.68,1,2,0,NULL,NULL,42,3.6,6999
Acer Iconia One 8 B1-830,acer,android,NULL,NULL,8,NULL,0,0,0,0,1,16,NULL,NULL,8,Widescreen (16:10),SD,60,188.68,1,5,1,0.3,NULL,35,3,9999
Acer Iconia One 7 B1-760HD,acer,android,Helio,Helio MT8127,4,1.3,1,0,0,0,1,16,NULL,NULL,7,Widescreen (16:10),SD,60,209.8,1,5,1,0.3,1,41,4.35,8999
Acer Iconia Tab7 A1-713 (8GB),acer,android,NULL,NULL,4,NULL,1,0,0,0,1,8,NULL,NULL,7,Standard (4:3 or 5:4),SD,60,169.55,1,2,0,NULL,32,39,3.05,5999
Acer Iconia Tab 7 A1-713HD,acer,android,NULL,NULL,4,NULL,1,0,0,0,1,16,NULL,NULL,7,Standard (4:3 or 5:4),SD,60,215.63,1,5,0,NULL,32,42,3.3,6999
Acer Iconia Tab7 A1-713 (16GB),acer,android,NULL,NULL,4,1.3,1,0,0,0,1,16,3400,0,7,Standard (4:3 or 5:4),SD,60,169.55,1,2,1,0.3,32,46,4.55,6600
Acer Iconia One7 B1-740 Tablet (16GB),acer,android,NULL,NULL,2,1.5,0,0,0,0,1,16,3000,0,7,Standard (4:3 or 5:4),SD,60,169.55,1,1.9,1,0.3,32,41,4.75,4790
Acer Iconia A1-830 Tablet (WiFi+16GB),acer,android,NULL,NULL,2,1.6,0,0,0,0,1,16,4000,0,7.9,Standard (4:3 or 5:4),SD,60,162.03,1,5,1,2,32,44,4.4,9499
Acer Iconia One7 B1-730HD Tablet (WiFi+16GB),acer,android,NULL,NULL,2,1.6,0,0,0,0,1,16,3680,0,7,Standard (4:3 or 5:4),SD,60,215.63,1,2,1,0.3,32,42,4.55,5271
Acer Iconia W4-821 Tablet (WiFi+3G+64GB),acer,other,NULL,NULL,1,1.33,0,0,0,0,2,64,4960,0,8,Standard (4:3 or 5:4),SD,60,188.68,1,5,1,2,32,49,3.6,18150
Acer Aspire P3-171 Hybrid Ultrabook Tablet (WiFi+120GB),acer,other,NULL,NULL,1,NULL,1,0,0,0,NULL,NULL,NULL,NULL,NULL,NULL,NULL,60,NULL,0,0,0,NULL,NULL,26,4.6,61821
Acer Iconia A1-811 Tablet (WiFi+3G+16GB),acer,android,NULL,NULL,4,1.2,1,0,0,0,NULL,16,4960,0,8,Standard (4:3 or 5:4),SD,60,160,1,5,1,0.3,32,45,4.2,8699
Acer Iconia W4-820 Tablet (64GB),acer,android,NULL,NULL,4,1.8,0,0,0,0,2,64,4960,0,8,Standard (4:3 or 5:4),SD,60,188.68,1,5,1,2,32,52,4.6,5774
Acer Iconia W4-820 Tablet (32GB),acer,other,NULL,NULL,4,1.33,0,0,0,0,2,32,4960,0,8,Standard (4:3 or 5:4),SD,60,188.68,1,5,1,2,32,51,3.3,13000
Acer Aspire P3-171 Hybrid Ultrabook Tablet (WiFi+60GB),acer,other,Intel,Intel,2,1.4,0,0,0,0,2,60,5280,0,11.6,Standard (4:3 or 5:4),SD,60,135.09,1,5,1,0.3,NULL,53,4.0713314010006885,39000
Acer Iconia Tab A210,acer,other,NULL,NULL,4,1.2,0,0,0,0,1,16,3260,0,10.1,Standard (4:3 or 5:4),SD,60,149.45,1,2,0,NULL,32,47,2.45,21990
Acer Iconia W3-810 Tablet (64GB),acer,other,Intel,Intel Z2760,2,1.5,0,0,0,0,2,64,3400,0,8.1,Widescreen (16:10),SD,60,186.35,1,2,1,2,32,54,4.1,29999
Acer Iconia W3-810 Tablet (32GB),acer,other,Intel,Intel Z2760,2,1.5,0,0,0,0,2,32,3400,0,8.1,Widescreen (16:10),SD,60,186.35,1,2,1,2,32,49,4,7499
Acer Iconia W510 (64GB),acer,android,NULL,NULL,2,1.5,1,0,0,0,2,64,3650,0,10.1,Widescreen (16:10),SD,60,155.16,1,8,1,2,32,60,4.05,53999
Acer Iconia W510 (32GB),acer,android,NULL,NULL,2,1.5,1,0,0,0,2,32,3650,0,10.1,Widescreen (16:10),SD,60,155.16,1,8,1,2,32,58,4.2,53700
Acer Iconia Tab 10 W500,acer,other,NULL,NULL,1,1,1,0,0,0,2,32,NULL,NULL,10.1,Widescreen (16:10),SD,60,149.45,1,1.3,1,1.3,NULL,51,2,32022
Acer Iconia Tab B1-A71 (8GB),acer,android,NULL,NULL,2,1.2,0,0,0,0,0.5,8,NULL,NULL,7,Standard (4:3 or 5:4),SD,60,169.55,1,0.3,0,NULL,32,38,4.3,5999
Acer Iconia Tab A500-10S32u (WiFi+32GB),acer,android,NULL,NULL,2,1,0,0,0,0,NULL,32,3260,0,10.1,Standard (4:3 or 5:4),SD,60,149.45,1,5,1,2,32,49,2.6,36382
Acer Iconia Tab A500-10S16u (WiFi+16GB),acer,android,NULL,NULL,2,1,0,0,0,0,NULL,16,3260,0,10.1,Standard (4:3 or 5:4),SD,60,149.45,1,5,1,2,32,45,2.1,20000
Acer Iconia Tab A100-07U08U Wi-Fi 7,acer,android,NULL,NULL,2,1,0,0,0,0,1,16,1530,0,7,Standard (4:3 or 5:4),SD,60,169.55,1,5,1,2,32,45,3.1,18352
Acer Iconia Tab A200,acer,android,NULL,NULL,2,1,0,0,0,0,NULL,16,3260,0,10.1,Standard (4:3 or 5:4),SD,60,149.45,1,2,0,NULL,32,42,2.1,15303
iQOO Pad 5 Pro,iqoo,android,Dimensity,Dimensity 9400 Plus,8,3.63,0,0,0,0,8,256,12050,66,13,Standard (4:3 or 5:4),WQHD+,144,286.23,1,13,1,8,NULL,77,4.05,37990
IQOO Pad 5,iqoo,android,Dimensity,Dimensity 9300 Plus,8,3.25,0,0,0,0,8,128,10000,44,12.1,Standard (4:3 or 5:4),WQHD+,144,282.85,1,8,1,5,NULL,73,4.15,27990
iQOO Pad 2 Pro,iqoo,android,Dimensity,Dimensity 9300 Plus,8,3.25,0,0,1,0,8,256,11500,66,13,Standard (4:3 or 5:4),WQHD+,144,286.23,1,13,1,8,NULL,77,4.55,39990
iQOO Pad 3,iqoo,android,Dimensity,Dimensity 9400,8,NULL,0,0,1,0,12,256,12500,67,13.1,Standard (4:3 or 5:4),WQHD+,144,261.25,2,50,1,16,NULL,68,4.25,39990
iQOO Pad 2,iqoo,android,Snapdragon,Snapdragon 8s Gen3,8,3,0,0,1,0,8,128,10000,44,12.05,Standard (4:3 or 5:4),WQHD+,144,284.02,1,8,1,5,NULL,74,4,29990
iQOO Pad Air,iqoo,android,Snapdragon,Snapdragon 870,8,3.2,0,0,1,0,8,256,8500,44,11.5,Standard (4:3 or 5:4),WQHD+,144,291.34,1,8,1,5,NULL,73,4.2,20990
iQOO Pad,iqoo,android,Dimensity,Dimensity 9000 Plus,8,3.2,0,0,1,0,8,128,10000,44,12.1,Standard (4:3 or 5:4),WQHD+,144,282.85,2,13,1,8,NULL,76,4.55,29999
iBall iTAB BizniZ Mini Tablet,iball,android,Other,Other,8,1.6,1,0,0,0,2,32,4000,0,8,Standard (4:3 or 5:4),HD+,60,283.02,1,8,1,5,1,62,4.35,9119
iBall Slide Elan 4G2 Plus Tablet,iball,android,NULL,NULL,4,1.3,1,0,0,0,2,16,7000,0,10.1,Widescreen (16:10),SD,60,149.45,1,5,1,2,64,57,4.1,10999
iBall Slide Wondro 10,iball,android,NULL,NULL,4,1.3,0,0,0,0,1,8,4060,0,10.1,Standard (4:3 or 5:4),SD,60,149.45,1,5,1,2,32,43,4.2,7999
iBall Slide 3G Q45 (1GB RAM+8GB),iball,android,NULL,NULL,4,1.2,1,0,0,0,1,8,2500,0,7,Standard (4:3 or 5:4),SD,60,169.55,1,2,1,0.3,32,44,3.8,3999
iBall 3G Q7271-IPS20,iball,android,NULL,NULL,4,1.3,1,0,0,0,1,8,3000,0,7,Standard (4:3 or 5:4),SD,60,169.55,1,2,1,0.3,32,47,4.5,1934
iBall Edu Slide 3G Q1035,iball,android,NULL,NULL,4,1.2,1,0,0,0,1,8,6000,0,10.1,Standard (4:3 or 5:4),SD,60,149.45,1,8,1,2,32,50,4.45,6700
iBall Performance Series 3G 7334i Tablet,iball,android,NULL,NULL,2,1,1,0,0,0,NULL,16,NULL,NULL,7,Widescreen (16:10),SD,60,169.55,1,2,1,0.3,32,43,4.65,9200
iBall Slide i701 (Wi-Fi + 32GB),iball,android,NULL,NULL,4,1.3,0,0,0,0,1,32,3200,0,7,Standard (4:3 or 5:4),SD,60,215.63,1,2,1,0.3,NULL,46,4.55,5999
iBall iTAB Movie Z Pro (32GB),iball,android,Other,Other,4,1.6,1,0,0,0,4,32,7000,0,10.1,Widescreen (16:10),HD+,60,224.17,1,13,1,8,256,68,4.35,17799
iBall Slide Iris Drishti Tablet,iball,android,NULL,NULL,4,1.3,1,0,0,0,1,8,5000,0,7,Widescreen (16:10),SD,60,169.55,1,5,1,2,64,47,4.35,5690
iBall iTab BizniZ Pro Tablet,iball,android,NULL,NULL,8,1.6,1,0,0,0,4,64,7000,0,10.1,Standard (4:3 or 5:4),HD+,60,224.17,1,13,1,8,256,71,3.95,14990
iBall Slide Skye 03 Tablet,iball,android,NULL,NULL,4,1.3,1,0,0,0,1,8,2800,0,7,Standard (4:3 or 5:4),SD,60,169.55,1,2,1,0.3,64,46,4.45,5800
iBall Slide Spirit V2 Tablet,iball,android,Other,Other,4,1.4,1,0,0,0,1,8,3500,0,7,Standard (4:3 or 5:4),SD,60,169.55,1,5,1,2,64,51,4.05,7990
iBall Slide Dazzle 3500 Tablet,iball,android,Other,Other,4,1.3,1,0,0,0,1,8,3500,0,7,Standard (4:3 or 5:4),SD,60,169.55,1,2,1,0.3,64,49,4.6,5090
iBall Perfect 10 Tablet,iball,android,NULL,NULL,4,1.3,1,0,0,0,1,8,7000,0,10.1,Standard (4:3 or 5:4),SD,60,149.45,1,5,1,2,64,48,4.25,7990
iBall iTAB MovieZ Tablet,iball,android,Other,Other,8,1.66,1,0,0,0,2,32,7000,0,10.1,Standard (4:3 or 5:4),HD+,60,224.17,1,8,1,8,256,65,4.15,10006
iBall iTAB BizniZ Tablet,iball,android,Other,Other,8,1.2,1,0,0,0,2,32,7000,0,10.1,Standard (4:3 or 5:4),HD+,60,224.17,1,8,1,8,256,63,4.5,9990
iBall Slide Blaze v4 Tablet,iball,android,Other,Other,4,1.1,1,0,0,0,2,16,3500,0,7,Widescreen (16:10),SD,60,169.55,1,5,1,2,64,55,4.1,5900
iBall Avid Tablet,iball,android,NULL,NULL,4,1.3,1,0,0,0,2,16,5000,0,8,Standard (4:3 or 5:4),SD,60,188.68,1,5,1,2,64,57,4.6,10999
iBall Cleo S9 Tablet,iball,android,NULL,NULL,4,1.4,1,0,0,0,2,16,3500,0,7,Standard (4:3 or 5:4),SD,60,169.55,1,5,1,2,64,55,4.2,7000
iBall Slide Nova 4G Tablet,iball,android,Other,Other,4,1.3,1,0,0,0,2,16,7000,0,10.1,Standard (4:3 or 5:4),SD,60,149.45,1,5,1,2,64,58,4.5,7999
iBall Elan 3x32 Tablet (WiFi+4G+32GB),iball,android,NULL,NULL,4,1.3,1,0,0,0,3,32,7000,0,10.1,Widescreen (16:10),SD,60,149.45,1,5,1,2,64,61,4.6,11999
iBall Slide Spirit X2 Tablet,iball,android,NULL,NULL,4,1.1,1,0,0,0,1,8,3500,0,7,Widescreen (16:10),SD,60,169.55,1,5,1,2,64,49,4.7,5299
iBall Slide Q400x Tablet,iball,android,NULL,NULL,4,1.34,0,0,0,0,1,8,2800,0,7,Widescreen (16:10),SD,60,169.55,1,2,1,0.3,32,40,3.9536399603416985,3499
iBall Slide Dazzle i7 Tablet,iball,android,NULL,NULL,4,1.3,1,0,0,0,1,8,2800,0,7,Widescreen (16:10),SD,60,169.55,1,2,1,0.3,32,46,4.3,4099
iBall Slide Q400x Plus,iball,android,Other,Other,4,1.34,1,0,0,0,1,8,5000,0,7,Widescreen (16:10),SD,60,169.55,1,2,1,0.3,32,39,4,4299
iBall Slide PenBook Tablet (WiFi+32GB),iball,android,Intel,Intel x5Z8350,4,1.92,1,0,0,0,2,32,6000,0,10.1,Widescreen (16:10),SD,60,149.45,1,5,1,2,128,51,3.8,19999
iBall Slide Brace XJ Tablet,iball,android,NULL,NULL,8,1.3,1,0,0,0,3,32,7800,0,10.1,Widescreen (16:10),SD,60,149.45,1,8,1,5,64,60,4.7,13999
iBall Slide Enzo V8 Tablet,iball,android,NULL,NULL,4,1,1,0,0,0,2,16,3500,0,7,Widescreen (16:10),SD,60,169.55,1,5,1,2,32,51,3,5999
iBall Slide 4GE Mania Tablet,iball,android,Helio,Helio,4,NULL,1,0,0,0,1,8,3500,0,7,Widescreen (16:10),SD,60,169.55,1,5,1,2,1,42,4.25,7499
iBall Slide Elan 4G2 Tablet,iball,android,NULL,NULL,4,1.3,1,0,0,0,2,16,7000,0,10.1,Standard (4:3 or 5:4),SD,60,149.45,1,5,1,2,32,57,4.3,12990
iBall Slide Wings 4GP Tablet,iball,android,NULL,NULL,4,1.3,1,0,0,0,2,16,4300,0,8,Standard (4:3 or 5:4),SD,60,188.68,1,5,1,2,32,56,4.6,8079
iBall Slide Brisk 4G2 Tablet,iball,android,NULL,NULL,4,1,1,0,0,0,3,16,3500,0,7,Widescreen (16:10),SD,60,169.55,1,5,1,2,32,56,3.95,7499
iBall Slide Nimble 4GF Tablet,iball,android,NULL,NULL,4,1.3,1,0,0,0,3,16,4300,0,8,Standard (4:3 or 5:4),SD,60,188.68,1,5,1,2,64,58,4.15,9999
iBall Slide Q45i Tablet (WiFi+3G+16GB),iball,android,Intel,Intel,4,1,1,0,0,0,2,16,2500,0,7,Standard (4:3 or 5:4),SD,60,169.55,1,2,1,0.3,32,49,4,4999
iBall Slide Q81 (WiFi+8GB),iball,android,NULL,NULL,4,1,1,0,0,0,1,8,4000,0,8,Standard (4:3 or 5:4),SD,60,186.59,1,8,1,2,0,38,4.2,6399
iBall Slide Brace X1 4G,iball,android,Helio,Helio,8,1.3,1,0,0,0,2,16,7800,0,10.1,Standard (4:3 or 5:4),SD,60,149.45,1,8,1,5,64,61,3.8,16450
iBall Slide 4G Q27 (WiFi+4G+16GB),iball,android,NULL,NULL,4,1.3,1,0,0,0,2,16,NULL,NULL,10.1,Standard (4:3 or 5:4),SD,60,149.45,1,5,1,2,32,54,3.6,7999
iBall Slide DD Tablet,iball,android,NULL,NULL,2,1.3,1,0,0,0,1,8,2500,0,7,Standard (4:3 or 5:4),SD,60,169.55,1,2,1,0.3,32,44,3.05,3698
iBall Slide Twinkle i5 Tablet,iball,android,NULL,NULL,4,1.3,1,0,0,0,1,8,2500,0,7,Widescreen (16:10),SD,60,169.55,1,2,1,2,32,47,3.75,4499
iBall Slide 3G i71 Tablet,iball,android,Intel,Intel Z3735G,4,1.83,1,0,0,0,1,8,3500,0,7,Standard (4:3 or 5:4),SD,60,169.55,1,5,1,2,32,46,3.85,4299
iBall Cuboid 4G Tablet,iball,android,Helio,Helio,4,1,1,0,0,0,2,16,4500,0,8,Widescreen (16:10),SD,60,183.58,1,5,1,2,32,48,3.95,8999
iBall Slide Wings Tablet,iball,android,NULL,NULL,4,1.3,1,0,0,0,2,16,4300,0,8,Standard (4:3 or 5:4),SD,60,188.68,1,5,1,2,32,53,3.95,7999
iBall Bio-Mate Tablet,iball,android,NULL,NULL,4,1.3,1,0,0,0,1,8,4300,0,8,Standard (4:3 or 5:4),SD,60,188.68,1,5,1,2,32,48,4.15,5700
iBall Slide 3G Q27 (WiFi+3G+16GB),iball,android,NULL,NULL,4,1.3,1,0,0,0,2,16,5500,0,10.1,Standard (4:3 or 5:4),SD,60,149.45,1,5,1,2,32,53,3.65,7599
iBall Slide 3G 1035 Q9 (WiFi+3G+16GB),iball,android,NULL,NULL,4,1.3,1,0,0,0,1,16,6000,0,10.1,Widescreen (16:10),SD,60,149.45,1,8,1,2,32,52,3.15,16490
iBall Slide Co-Mate Tablet,iball,android,Helio,Helio,4,1.3,1,0,0,0,1,8,4300,0,8,Standard (4:3 or 5:4),SD,60,188.68,1,5,1,2,32,49,4.05,6999
iBall Slide Gorgeo 4GL Tablet,iball,android,NULL,NULL,4,1,1,0,0,0,1,8,3500,0,7,Standard (4:3 or 5:4),SD,60,169.55,1,8,1,5,32,48,4.1,5280
iBall Slide 3G Q45i (WiFi+3G+8GB),iball,android,NULL,NULL,4,1,1,0,0,0,1,8,2500,0,7,Standard (4:3 or 5:4),SD,60,169.55,1,2,1,0.3,32,45,3.45,3899
iBall Slide D701 Tablet,iball,android,NULL,NULL,1,1.3,1,0,0,0,0.5,8,NULL,NULL,7,Widescreen (16:10),SD,60,169.55,1,2,0,NULL,32,40,3.65,12900
iBall Q404 Tablet (WiFi+8GB),iball,android,NULL,NULL,1,1.3,1,0,0,0,0.5,8,NULL,NULL,7,Widescreen (16:10),SD,60,169.55,1,2,1,2,32,39,3.4,10200
iBall Slide 3G Q81 (WiFi+3G+8GB),iball,android,NULL,NULL,4,1,1,0,0,0,1,8,4000,0,8,Standard (4:3 or 5:4),SD,60,180.28,1,5,1,2,64,45,4.05,4649
iBall Slide Cuddle 4G Tablet,iball,android,NULL,NULL,4,1,1,0,0,0,2,16,2800,0,6.95,Standard (4:3 or 5:4),SD,60,170.77,1,8,1,5,32,52,3.8,6600
iBall Slide 3G Q45 (WiFi+3G+16GB),iball,android,NULL,NULL,4,1.2,1,0,0,0,2,16,2500,0,7,Standard (4:3 or 5:4),SD,60,169.55,1,2,1,0.3,32,49,3.85,4999
iBall Premio Tablet,iball,android,NULL,NULL,4,1.83,0,0,0,0,1,32,5600,0,8.9,Standard (4:3 or 5:4),SD,60,169.6,1,2,1,2,64,51,4.25,11999
iBall Slide Avonte 7 Tablet,iball,android,NULL,NULL,4,1.3,1,0,0,0,1,16,2800,0,7,Standard (4:3 or 5:4),SD,60,215.63,1,13,0,NULL,32,51,2.75,6499
iBall Slide 7236 2Gi Tablet,iball,android,NULL,NULL,2,1.3,1,0,0,0,0.5,8,2500,0,7,Standard (4:3 or 5:4),SD,60,133.28,1,2,1,0.3,NULL,40,3.5,4045
iBall Slide Brace X1 Mini,iball,android,NULL,NULL,4,1.3,1,0,0,0,1,16,5200,0,8,Standard (4:3 or 5:4),SD,60,188.68,1,8,1,5,32,48,3.7,9989
iBall Slide Brillante Tablet,iball,android,NULL,NULL,NULL,NULL,1,0,0,0,1,8,3000,0,7,Standard (4:3 or 5:4),SD,60,169.55,1,2,1,0.3,32,41,3.2,5050
iBall Slide 3G 7316 Tablet,iball,android,NULL,NULL,1,1,1,0,0,0,0.5,8,4400,0,7,Widescreen (16:10),SD,60,169.55,1,2,1,0.3,32,42,3,17449
iBall Slide Q400i Tablet,iball,android,NULL,NULL,4,1.3,0,0,0,0,1,8,2500,0,7,Standard (4:3 or 5:4),SD,60,169.55,1,2,1,0.3,NULL,40,4.5,3299
iBall Slide D7061 Tablet,iball,android,NULL,NULL,2,1.3,1,0,0,0,0.5,8,2500,0,7,Standard (4:3 or 5:4),SD,60,182.86,1,2,1,0.3,32,44,3.95,2999
iBall Slide WQ 149i Tablet,iball,android,NULL,NULL,4,1.83,0,0,0,0,2,32,7800,0,10.1,Standard (4:3 or 5:4),SD,60,149.45,1,5,1,2,64,54,3.55,14750
iBall Slide WQ77 Tablet (WiFi+16GB),iball,android,NULL,NULL,4,1.83,0,0,0,0,1,16,4000,0,7.85,Standard (4:3 or 5:4),SD,60,163.06,1,5,1,2,NULL,46,4.7,9999
iBall Slide Cuddle A4 Tablet,iball,android,NULL,NULL,8,1.7,1,0,0,0,2,16,2800,0,6.95,Standard (4:3 or 5:4),SD,60,170.77,1,5,1,2,32,54,2.85,5490
iBall Slide WQ149R 2 In 1 Tablet,iball,android,NULL,NULL,4,1.83,0,0,0,0,2,32,7800,0,10.1,Standard (4:3 or 5:4),SD,60,149.45,1,5,1,2,64,54,3.4,12999
iBall Slide 3G i80,iball,android,NULL,NULL,4,1.86,1,0,0,0,1,16,4400,0,8,Standard (4:3 or 5:4),SD,60,188.68,1,5,1,2,32,52,4.15,6959
iBall Slide 3G O900-C Tablet (WiFi+3G+16GB),iball,android,NULL,NULL,8,1.7,1,0,0,0,2,16,4000,0,7.85,Standard (4:3 or 5:4),SD,60,163.06,1,5,1,5,32,54,4.15,4999
iBall Slide i701,iball,android,NULL,NULL,4,1.3,0,0,0,0,1,16,3200,0,7,Standard (4:3 or 5:4),SD,60,215.63,1,2,1,0.3,NULL,43,4.15,3499
iBall Slide Stellar A2,iball,android,NULL,NULL,8,1.7,1,0,0,0,1,8,3000,0,7,Standard (4:3 or 5:4),SD,60,209.8,1,8,1,8,32,51,4.65,5000
iBall Slide 3G Q45 (WiFi+3G+8GB),iball,android,NULL,NULL,4,1.2,1,0,0,0,0.5,8,2500,0,7,Standard (4:3 or 5:4),SD,60,169.55,1,2,1,0.3,32,45,3.85,4299
iBall Slide Brace X1,iball,android,NULL,NULL,8,1.7,1,0,0,0,2,16,7800,0,10.1,Standard (4:3 or 5:4),SD,60,149.45,0,NULL,1,8,NULL,54,4.4,10999
iBall Slide WQ 149 Tablet,iball,android,NULL,NULL,4,1.83,1,0,0,0,2,32,7800,0,10.1,Standard (4:3 or 5:4),SD,60,149.45,1,5,1,2,64,55,4.4,12500
iBall Slide Tablet 3G 7271 HD7 (8GB),iball,android,NULL,NULL,2,1.3,1,0,0,0,1,8,3000,0,7,Standard (4:3 or 5:4),SD,60,169.55,1,2,1,0.3,32,46,4.45,7989
iBall Slide Octa A41 Tablet,iball,android,NULL,NULL,8,1.7,1,0,0,0,2,16,3500,0,7,Standard (4:3 or 5:4),HD+,60,323.45,1,8,1,5,32,58,3.95,9799
iBall Slide WQ32 Tablet (16GB+WiFi+3G),iball,android,NULL,NULL,4,1.33,1,0,0,0,2,16,2800,0,8,Standard (4:3 or 5:4),SD,60,188.68,1,5,1,2,32,52,4.35,8199
iBall Slide 3G 6095 Q700,iball,android,NULL,NULL,4,1.3,1,0,0,0,1,16,2600,0,6.9,Standard (4:3 or 5:4),SD,60,172,1,5,1,0.3,32,49,4.1,5899
iBall 3G 6095-D20,iball,android,NULL,NULL,2,1.3,1,0,0,0,1,8,2600,0,6.95,Standard (4:3 or 5:4),SD,60,170.77,1,2,1,0.3,32,45,4.55,1594
iBall 6351-Q40 Tablet,iball,android,NULL,NULL,4,1.3,0,0,0,0,0.5,8,2500,0,7,Standard (4:3 or 5:4),SD,60,133.28,1,2,1,0.3,NULL,37,4.65,3000
iBall 3G 9017 D50 Tablet,iball,android,NULL,NULL,2,1.3,1,0,0,0,1,8,4000,0,9,Standard (4:3 or 5:4),SD,60,131.87,1,2,1,2,32,46,3.8,7999
iBall 3G 1026-Q18,iball,android,NULL,NULL,4,1.3,1,0,0,0,1,8,4600,0,10.1,Standard (4:3 or 5:4),SD,60,117.51,1,5,1,2,32,48,3.6,7999
iBall 3G 7271 HD70 (WiFi+3G+8GB),iball,android,NULL,NULL,2,1.3,1,0,0,0,1,8,3000,0,7,Standard (4:3 or 5:4),SD,60,169.55,1,2,1,0.3,32,44,4.1,2200
iBall 3G 7271 HD70 (WiFi+3G+4GB),iball,android,NULL,NULL,2,1.3,1,0,0,0,0.5,4,3000,0,7,Standard (4:3 or 5:4),SD,60,169.55,1,2,1,0.3,32,41,3.35,5990
iBall 3G 1023-Q18 Tablet,iball,android,NULL,NULL,4,1.3,1,0,0,0,1,8,4600,0,10.1,Standard (4:3 or 5:4),SD,60,117.51,1,5,1,2,32,48,3.95,12990
iBall Slide 3G 7345Q-800 Tablet (3G+8GB),iball,android,NULL,NULL,4,1.3,1,0,0,0,1,8,3000,0,7,Extra UltraWide (32:9 or higher),SD,60,115.74,1,5,1,2,32,44,3,9999
iBall Slide Performance Series 7236 3G17 Tablet (WiFi+3G+4GB),iball,android,NULL,NULL,2,1.3,1,0,0,0,0.5,4,2500,0,7,Standard (4:3 or 5:4),SD,60,133.28,1,2,1,0.3,32,41,4.45,3799
iBall Slide 3G 7803 Q900 (WiFi+3G+16GB),iball,android,NULL,NULL,4,1.3,1,0,0,0,1,16,NULL,NULL,7.85,Standard (4:3 or 5:4),SD,60,163.06,1,5,1,2,32,49,4.15,7790
iBall Slide 3G 7334Q-10 Calling Tablet,iball,android,NULL,NULL,4,1.3,1,0,0,0,1,8,3000,0,7,NULL,NULL,60,NULL,1,2,1,0.3,32,38,4.25,5499
iBall Slide 2G 7227 Calling Tablet (4GB),iball,android,NULL,NULL,2,1,1,0,0,0,0.5,NULL,3500,0,7,Standard (4:3 or 5:4),SD,60,169.55,1,2,1,0.3,32,31,4,4999
iBall Slide 2G 7236 Calling Tablet,iball,android,NULL,NULL,2,1.3,1,0,0,0,0.5,4,2500,0,NULL,Widescreen (16:10),SD,60,NULL,1,2,1,0.3,32,35,4.05,3199
iBall Slide Tablet 3G 7271 HD7 (4GB),iball,android,NULL,NULL,2,1.3,1,0,0,0,0.5,4,3000,0,7,Standard (4:3 or 5:4),SD,60,169.55,1,2,1,0.3,32,41,3.6,8299
iBall Slide 3G 8072 Tab (WiFi+3G+4GB),iball,android,NULL,NULL,2,1,1,0,0,0,NULL,NULL,NULL,NULL,8,Standard (4:3 or 5:4),SD,60,160,1,2,0,NULL,32,35,3.4,10999
iBall Slide i9018 Tab,iball,android,NULL,NULL,2,1,0,0,0,0,1,8,NULL,NULL,9,Standard (4:3 or 5:4),SD,60,131.87,1,0.3,1,0.3,32,39,2.6,8500
iBall Slide Q9703 9.7 Tab,iball,android,NULL,NULL,4,1.2,0,0,0,0,2,16,8000,0,9.69,Standard (4:3 or 5:4),WQXGA,60,264.19,1,5,1,2,NULL,51,4.35,10000
iBall Slide 6318i Tab,iball,android,NULL,NULL,1,1.2,0,0,0,0,1,4,NULL,NULL,7,Standard (4:3 or 5:4),SD,60,133.28,1,2,1,0.3,32,34,3.75,4995
iBall Performance Series Slide 3G 9728,iball,android,NULL,NULL,2,1,1,0,0,0,NULL,NULL,NULL,NULL,9.69,Standard (4:3 or 5:4),SD,60,132.09,1,5,1,0.3,32,35,3.05,13999
iBall Edu Slide i1017 Tab,iball,android,NULL,NULL,2,1.5,0,0,0,0,1,8,8000,0,10.1,Widescreen (16:10),SD,60,149.45,1,2,1,0.3,NULL,42,4.3,5599
iBall Slide 6309i Tab,iball,android,NULL,NULL,1,1.2,0,0,0,0,NULL,4,3000,0,7,Widescreen (16:10),SD,60,169.55,1,2,1,0.3,NULL,35,3.6,5200
iBall Slide Tablet 3G 7271 (4GB),iball,android,NULL,NULL,2,1,1,0,0,0,0.5,4,3000,0,7,Standard (4:3 or 5:4),SD,60,133.28,1,2,0,NULL,32,36,3.65,8299
iBall Slide 6309r Tab (4GB),iball,android,NULL,NULL,1,1.2,0,0,0,0,NULL,4,NULL,NULL,7,Standard (4:3 or 5:4),SD,60,169.55,1,2,0,NULL,32,34,3.3,4679
iBall Slide 3G 7334 (8GB),iball,android,NULL,NULL,1,1,1,0,0,0,NULL,8,3100,0,7,Widescreen (16:10),SD,60,169.55,1,2,1,0.3,32,40,4,8440
iBall Slide i7218 Tab,iball,android,NULL,NULL,1,1,0,0,0,0,0.5,8,4400,0,7,Widescreen (16:10),SD,60,133.28,1,2,1,0.3,32,35,2.45,4450
iBall Slide i6012 Tab (8GB),iball,android,NULL,NULL,1,1.2,0,0,0,0,NULL,8,4000,0,7,Widescreen (16:10),SD,60,133.28,0,NULL,1,0.3,NULL,33,3.7,4990
iBall Slide 3G 7307 WiFi+3G (8GB),iball,android,NULL,NULL,1,1,1,0,0,0,0.5,8,4400,0,7,Widescreen (16:10),SD,60,133.28,1,2,1,0.3,32,41,2.5,15990
iBall Slide i5715 Tab,iball,android,NULL,NULL,1,1,0,0,0,0,NULL,4,2900,0,7,Widescreen (16:10),SD,60,133.28,1,2,1,0.3,32,30,2.95,5199
iBall Slide i9702 Tab (8GB),iball,android,NULL,NULL,2,NULL,0,0,0,0,NULL,8,8000,0,9.69,Standard (4:3 or 5:4),SD,60,132.09,1,2,0,NULL,NULL,33,2,12890
iBall Slide i6030 Tab (8GB),iball,android,NULL,NULL,1,1,0,0,0,0,NULL,8,4000,0,7,Widescreen (16:10),SD,60,169.55,1,2,1,0.3,NULL,31,2.4,5990
iBall Slide i7011,iball,android,NULL,NULL,1,1,0,0,0,0,0.5,8,4400,0,7,Widescreen (16:10),SD,60,133.28,1,2,0,NULL,32,39,4.4,5990
iBall Slide i6516 Tablet (8GB),iball,android,NULL,NULL,1,1.2,0,0,0,0,1,8,4000,0,7,Widescreen (16:10),SD,60,169.55,1,2,1,0.3,32,38,4.4,6499
Amazon Fire HD 8 Tablet (2024),amazon,android,NULL,NULL,6,2,0,0,0,0,NULL,32,NULL,NULL,8,Widescreen (16:10),SD,60,188.68,1,5,0,NULL,1024,44,4.5,4999
Amazon Fire HD 10 2023 Tablet,amazon,other,Helio,Helio MT8186A,NULL,NULL,0,0,0,0,3,32,NULL,NULL,10.01,Standard (4:3 or 5:4),HD+,60,226.19,0,0,0,NULL,1,48,4,12999
Amazon Fire 7 2022 Tablet,amazon,android,NULL,NULL,4,2,0,0,0,0,2,32,NULL,NULL,7,Widescreen (16:10),SD,60,169.55,1,2,1,2,1024,47,4.6,8990
Amazon Fire HD 10 Plus 2021,amazon,android,Helio,Helio P60T,8,2,0,0,0,0,4,32,NULL,NULL,10.1,Widescreen (16:10),HD+,60,224.17,1,5,1,2,1,61,4.55,12999
Amazon Fire HD 10 2021,amazon,android,Helio,Helio P60T,8,2,0,0,0,0,3,32,NULL,NULL,10.1,Widescreen (16:10),HD+,60,224.17,1,5,1,2,1,58,4.5,10999
Amazon Fire HD 8 (2020) Tablet,amazon,other,NULL,NULL,4,2,0,0,0,0,2,32,NULL,NULL,9,Widescreen (16:10),SD,60,167.72,1,2,1,2,1024,50,4.25,6799
Amazon Fire HD 8 Plus (2020) Tablet,amazon,android,NULL,NULL,4,2,0,0,0,0,3,32,NULL,NULL,9,Widescreen (16:10),SD,60,167.72,1,2,1,2,1024,52,4.4,8299
New Kindle HD Fire 6,amazon,android,NULL,NULL,2,1.5,0,0,0,0,1,16,NULL,NULL,6,Standard (4:3 or 5:4),SD,60,251.57,1,2,1,0.3,0,42,3.6,9990
Amazon Kindle Fire HD 7 Tablet (32GB),amazon,android,NULL,NULL,2,1.2,0,0,0,0,1,32,NULL,NULL,7,Standard (4:3 or 5:4),SD,60,215.63,1,1.3,0,NULL,0,44,2.35,15999
"Amazon Kindle Fire HD 8.9 Tablet (16GB)""",amazon,android,NULL,NULL,2,1.5,0,0,0,0,1,16,NULL,NULL,8.9,Widescreen (16:10),HD+,60,254.4,1,1.3,0,NULL,0,47,3.95,17999
"Amazon Kindle Fire HD 7 Tablet (16GB)""",amazon,android,NULL,NULL,2,1.2,0,0,0,0,1,16,NULL,NULL,7,Standard (4:3 or 5:4),SD,60,215.63,1,1.3,0,NULL,0,42,4.05,15999
"Amazon Kindle Fire HD 8.9 4G LTE Wireless Tablet (32GB)""",amazon,android,NULL,NULL,2,1.5,1,0,0,0,1,32,NULL,NULL,8.9,Widescreen (16:10),HD+,60,254.4,1,1.3,0,NULL,0,55,4.5,27640
"Amazon Kindle Fire HD 8.9 4G LTE Wireless Tablet (64GB)""",amazon,android,NULL,NULL,2,1.5,1,0,0,0,1,64,NULL,NULL,8.9,Widescreen (16:10),HD+,60,254.4,1,1.3,0,NULL,0,58,4.05,36229
"Amazon Kindle Fire HD 8.9 Tablet (32GB)""",amazon,android,NULL,NULL,2,1.5,0,0,0,0,1,32,NULL,NULL,8.9,Widescreen (16:10),HD+,60,254.4,1,1.3,0,NULL,0,49,3.9,21999
Nubia Red Magic Nova Gaming Tablet,nubia,android,Snapdragon,Snapdragon 8 Gen3,8,3.3,0,0,1,0,12,256,10100,120,10.9,Standard (4:3 or 5:4),3K,144,311.58,1,50,1,20,0,80,4.05,45999
Teclast T70 Tablet,teclast,android,Helio,Helio G99,8,2.2,1,0,0,0,8,256,10000,1,14,Widescreen (16:10),HD+,60,161.73,2,13,1,8,NULL,77,4.4,14990
Teclast M50 Tablet,teclast,android,Tiger,Tiger T606,8,1.6,1,0,0,0,6,128,6000,1,10.1,Widescreen (16:10),SD,60,149.45,1,13,1,5,1024,72,4.6,12990
Teclast T65 Max Tablet,teclast,android,Helio,Helio G99,8,2.2,1,0,0,0,8,256,10000,18,12.95,Widescreen (16:10),HD+,60,174.84,2,13,1,8,1024,80,4.6,19990
Teclast T50 Pro Tablet,teclast,android,Helio,Helio G99,8,2.2,1,0,0,0,8,256,8000,18,11,Widescreen (16:10),HD+,60,212.03,2,20,1,8,1024,81,4.25,15000
Teclast P26T Tablet,teclast,android,Other,Other,8,NULL,0,0,0,0,4,64,5000,1,10.1,Widescreen (16:10),SD,60,149.45,1,5,1,2,1024,49,4.3,5990
Teclast T45HD Tablet,teclast,android,Other,Other,8,2,1,0,0,0,8,128,7200,0,10.51,Standard (4:3 or 5:4),HD+,60,215.43,2,13,1,8,1024,78,4.35,19999
Teclast M50 Pro Tablet,teclast,android,Tiger,Tiger T616,8,2,1,0,0,0,8,128,6000,1,10.1,Widescreen (16:10),HD+,60,224.17,2,13,1,5,1,77,4.7,15900
Teclast T40S Tablet,teclast,android,Helio,Helio MT8183,8,NULL,0,0,0,0,8,128,6000,1,10.4,Widescreen (16:10),HD+,60,224.27,1,13,1,5,1024,59,4.25,14990
Teclast T50 Tablet,teclast,android,Tiger,Tiger T618,8,2,1,0,0,0,8,128,7500,18,11,Widescreen (16:10),HD+,60,212.03,1,20,1,8,1024,77,4.35,19990
Teclast P25T Tablet,teclast,android,NULL,NULL,4,NULL,0,0,0,0,4,64,5000,1,10.1,Widescreen (16:10),SD,60,149.45,1,5,1,2,1024,51,4.4,5999
Teclast M40 Pro 2023 Tablet,teclast,android,Tiger,Tiger T616,8,2,1,0,0,0,6,128,7000,1,10.1,Widescreen (16:10),HD+,60,224.17,1,8,1,5,1,74,4.65,12499
Teclast P30 Air Tablet,teclast,android,Helio,Helio MT6762,8,2,1,0,0,0,4,64,6000,1,10.1,Widescreen (16:10),HD+,60,224.17,1,8,1,5,1024,70,4.15,7990
Teclast M40 Pro Tablet,teclast,android,Tiger,Tiger T618,8,2,1,0,0,0,6,128,7000,1,10.1,Widescreen (16:10),HD+,60,224.17,1,8,1,5,1,74,4,16990
Teclast M40 Air Tablet,teclast,android,Helio,Helio P60,8,2,1,0,0,0,8,128,6000,18,10.1,Widescreen (16:10),HD+,60,224.17,1,8,1,5,1024,73,4.3,17990
Teclast P20HD Tablet,teclast,android,Other,Other,8,1.6,1,0,0,0,4,64,6000,0,10.1,Widescreen (16:10),HD+,60,224.17,1,5,1,2,1,65,3.95,13493
Teclast X98 Plus Tablet,teclast,android,Intel,Intel x5-Z8300,4,1.84,1,0,0,0,4,64,8000,0,9.7,Standard (4:3 or 5:4),WQXGA,60,263.92,1,2,1,2,128,66,4.6,26975
TCL Nxtpaper 11 Plus,tcl,android,Helio,Helio G100,8,2.2,1,0,0,0,8,256,8000,33,11.5,Standard (4:3 or 5:4),2K,120,228.64,1,8,1,8,NULL,75,4.15,22990
TCL Tab 10L Gen 2,tcl,android,Helio,Helio MT8766B,4,1.8,1,0,0,0,3,32,6000,1,10.1,Standard (4:3 or 5:4),SD,60,149.45,1,2,1,2,1,61,4,9990
TCL Tab 10 Gen2,tcl,android,Helio,Helio P22T,8,2,1,0,0,0,4,128,6000,10,10.36,Standard (4:3 or 5:4),HD+,60,225.13,1,8,1,5,1,72,4.6,14990
TCL Tab 11 FE LTE,tcl,android,Other,Other,8,1.6,1,0,0,0,4,64,5500,10,8,Standard (4:3 or 5:4),SD,60,219.32,1,5,1,2,1,66,4.05,9990
TCL Tab 11 FE,tcl,android,Helio,Helio G36,8,2.2,1,0,0,0,4,64,6500,10,8.7,Standard (4:3 or 5:4),HD+,90,260.25,1,5,1,5,1,71,4.4,12990
TCL Tab 10s Tablet (Wi-Fi Only),tcl,android,Helio,Helio MT8768,8,2,0,0,0,0,3,32,8000,18,10.1,Standard (4:3 or 5:4),WQHD+,60,274.5,1,8,1,5,256,66,4.15,10999
TCL Tab 10s Tablet,tcl,android,Helio,Helio MT8768,8,2,1,0,0,0,3,32,8000,18,10.1,Standard (4:3 or 5:4),WQHD+,60,274.5,1,8,1,5,256,75,4.6,17999
TCL NxtPaper 11,tcl,android,Helio,Helio P60T,8,2,1,0,0,0,NULL,NULL,8000,18,10.95,Standard (4:3 or 5:4),HD+,60,213,1,8,1,8,1,56,4.3,19990
TCL Tab 11 Tablet,tcl,android,Helio,Helio P60T,8,2,1,0,0,0,4,64,8000,18,10.95,Standard (4:3 or 5:4),HD+,60,213,1,8,1,8,1,73,4.3,15499
TCL NxtPaper 12 Pro,tcl,android,Helio,Helio MT8771,8,2.4,1,1,0,0,8,256,8000,18,12.2,Standard (4:3 or 5:4),2K,60,212.79,1,13,2,8,512,82,4.35,42999
TCL Tab 10s 5G,tcl,android,Helio,Helio MT8771,8,2.4,1,1,0,0,4,64,8000,18,10.1,Standard (4:3 or 5:4),HD+,60,224.17,1,8,1,5,1,78,4,28990
TCL Tab 8 4G,tcl,android,Helio,Helio MT8766,4,2,1,0,0,0,2,32,4080,0,8,Standard (4:3 or 5:4),SD,60,188.68,1,5,1,5,1,56,4.75,9490
TCL NxtPaper 10s,tcl,android,Helio,Helio MT8768,8,2,0,0,0,0,4,64,8000,18,10.1,Standard (4:3 or 5:4),HD+,60,224.17,1,8,1,5,1,66,4.15,17990
TCL Tab 10L,tcl,android,Helio,Helio MT8167,4,1.3,0,0,0,0,2,32,4080,0,10.1,Standard (4:3 or 5:4),SD,60,149.45,1,2,1,2,1,49,4.05,7299
TCL 10 Full HD Tablet,tcl,android,Helio,Helio P22T,8,2,1,0,0,0,3,64,5500,0,10.1,Widescreen (16:10),HD+,60,224.17,1,5,1,5,256,70,4.25,11999
TCL 10 TAB Max Tablet (Wi-Fi Only),tcl,android,NULL,NULL,8,2,0,0,0,0,4,64,8000,0,10.4,Standard (4:3 or 5:4),HD+,60,224.27,1,13,1,8,1,67,4.5,12020
TCL NxtPaper,tcl,android,Helio,Helio MT8768E,8,2,1,0,0,0,4,64,5500,18,8.88,Standard (4:3 or 5:4),HD+,60,202.7,1,5,1,8,1,72,4.05,30990
TCL 10 TabMid Tablet,tcl,android,Snapdragon,Snapdragon 665,8,2,1,0,0,0,3,32,5500,18,8,Standard (4:3 or 5:4),HD+,60,283.02,1,5,1,5,1,71,4.05,18999
TCL 10 TAB Max 4G Tablet,tcl,android,NULL,NULL,8,2,1,0,0,0,4,64,8000,0,10.4,Standard (4:3 or 5:4),HD+,60,224.27,1,13,1,8,256,75,4.05,34999
Blackview Mega 8,blackview,android,Other,Other,8,2.2,1,0,0,0,12,256,11000,18,13,Standard (4:3 or 5:4),HD+,60,174.17,1,50,1,13,1,79,4,21990
Blackview MEGA 1,blackview,android,Helio,Helio G99,8,2.2,1,0,0,0,8,256,8800,33,11.5,Standard (4:3 or 5:4),HD+,120,202.82,1,50,1,13,1024,80,4.75,21990
Blackview Tab 18,blackview,android,Helio,Helio G99,8,2.2,1,0,0,0,12,256,8800,33,12,Standard (4:3 or 5:4),HD+,60,194.37,1,16,1,8,1,78,4.25,19990
Blackview Active 8 Pro,blackview,android,Helio,Helio G99,8,2.2,1,0,1,0,8,256,22000,33,10.36,Standard (4:3 or 5:4),HD+,60,225.13,1,48,1,16,1,82,4.6,19990
Blackview Tab 16,blackview,android,NULL,NULL,8,2,1,0,0,0,8,128,7680,0,11,Standard (4:3 or 5:4),HD+,60,212.03,1,13,1,8,1024,77,4,17990
Blackview Tab 13,blackview,android,Helio,Helio G85,8,2,1,0,0,0,6,128,7280,0,10.1,Widescreen (16:10),HD+,60,224.17,2,13,1,8,1024,76,4.1,13990
Blackview Tab 10,blackview,android,Helio,Helio P22T,8,2,1,0,0,0,4,64,7480,0,10.1,Widescreen (16:10),HD+,60,224.17,1,13,1,8,128,73,3.95,9990
Blackview Tab 9,blackview,android,NULL,NULL,NULL,NULL,1,0,0,0,4,64,7480,0,10.1,Widescreen (16:10),HD+,60,218.11,1,13,1,5,NULL,62,4.3,21999
itel Vista Tab 30,itel,android,Other,Other,8,1.6,1,0,0,0,4,128,7000,10,11,Standard (4:3 or 5:4),HD+,60,200.26,1,8,1,5,512,71,4.4,8990
itel Vista Tab 10,itel,android,Other,Other,8,1.6,1,0,0,0,6,128,7500,10,11.5,Standard (4:3 or 5:4),HD+,60,191.56,1,13,1,5,512,72,4.7,9990
itel Pad One Tablet,itel,android,Other,Other,4,NULL,1,0,0,0,4,128,6000,10,10.1,Widescreen (16:10),SD,60,149.45,1,5,1,8,512,62,4.1,8970
Lava Magnum XL Tablet (3GB RAM + 32GB),lava,android,Helio,Helio,4,NULL,1,0,1,0,3,32,5900,0,10.1,Widescreen (16:10),SD,60,149.45,1,5,1,2,128,55,4.1,7520
Lava T71 Tablet,lava,android,NULL,NULL,4,1.3,1,0,0,0,1,8,3500,0,7,Standard (4:3 or 5:4),SD,60,169.55,1,2,1,0.3,32,44,4.5,4700
Lava Ivory M4 Tablet,lava,android,NULL,NULL,4,1.3,1,0,0,0,2,16,4000,0,8,Standard (4:3 or 5:4),SD,60,188.68,1,8,1,3.2,32,51,4.4,3999
Lava E-Tab Velo Plus,lava,android,NULL,NULL,1,1,0,0,0,0,0.5,4,NULL,NULL,7,Standard (4:3 or 5:4),SD,60,133.28,0,NULL,1,0.3,32,34,4.35,3370
Lava Magnum XL Tablet (2GB RAM + 32GB),lava,android,Helio,Helio,4,NULL,1,0,1,0,2,32,5900,0,10.1,Widescreen (16:10),SD,60,149.45,1,5,1,2,128,54,4.4,11999
Lava Aura,lava,android,NULL,NULL,4,2,1,0,0,0,2,32,5100,0,8,Standard (4:3 or 5:4),SD,60,188.68,1,8,1,5,256,64,4.4,4990
Lava Ivory Tablet,lava,android,Helio,Helio,4,1.3,1,0,0,0,2,16,4100,0,7,Widescreen (16:10),SD,60,215.63,1,5,1,2,256,52,4.05,3662
Lava Ivory Plus 4G Tablet,lava,android,NULL,NULL,2,1.1,1,0,0,0,1,8,3500,0,7,Widescreen (16:10),SD,60,169.55,1,2,1,0.3,32,45,4.25,4249
Lava Magnum XL Tablet,lava,android,Helio,Helio,4,NULL,1,0,1,0,2,16,5900,0,10.1,Widescreen (16:10),SD,60,149.45,1,5,1,2,128,52,4.3,6999
Lava Magnum X1 Tablet,lava,android,NULL,NULL,4,1.1,1,0,0,0,2,16,2850,0,6.98,Standard (4:3 or 5:4),SD,60,210.4,1,8,1,2,64,52,4.25,7999
Lava Ivory Pop Tablet,lava,android,NULL,NULL,4,1.2,1,0,0,0,1,16,3000,0,7,Standard (4:3 or 5:4),SD,60,169.55,1,5,1,2,32,49,3.75,6299
Lava X80 Tablet,lava,android,Intel,Intel,4,1.3,1,0,0,0,1,16,4200,0,8,Standard (4:3 or 5:4),SD,60,188.68,1,5,1,3.2,32,49,4.55,9999
Lava Ivory S 4G Tablet,lava,android,NULL,NULL,4,1,1,0,0,0,1,16,3000,0,7,Widescreen (16:10),SD,60,215.63,1,5,1,3.2,32,50,4.2,4999
Lava IvoryE Tablet (WiFi+4GB),lava,android,Helio,Helio,2,1.3,1,0,0,0,1,4,2500,0,7,Standard (4:3 or 5:4),SD,60,169.55,1,2,1,0.3,32,39,3.3,3799
Lava Ivory Plus Tablet (WiFi+3G+16GB),lava,android,NULL,NULL,4,1.3,1,0,0,0,1,16,3000,0,7,Standard (4:3 or 5:4),SD,60,169.55,1,5,1,3.2,32,47,4.3,2499
Lava Ivory Plus Tablet (WiFi+3G+8GB),lava,android,NULL,NULL,4,1.3,1,0,0,0,1,8,3000,0,7,Standard (4:3 or 5:4),SD,60,169.55,1,5,1,3.2,32,46,3.55,6099
Lava NKS 101 Tablet,lava,android,NULL,NULL,2,1.6,0,0,0,0,1,16,7600,0,10.1,Standard (4:3 or 5:4),SD,60,149.45,1,2,1,2,NULL,42,3.65,8999
Lava Xtron Z704 Tablet,lava,android,NULL,NULL,4,1.3,1,0,0,0,NULL,NULL,NULL,NULL,NULL,NULL,NULL,60,NULL,0,0,0,NULL,NULL,17,3.35,2499
Lava Ivory S Tablet,lava,android,NULL,NULL,2,1.3,1,0,0,0,1,4,2800,0,7,Standard (4:3 or 5:4),SD,60,169.55,1,3.2,1,0.3,32,43,4.45,3980
Lava QPAD R704 Tablet,lava,android,NULL,NULL,4,1.2,1,0,0,0,1,8,3500,0,7,Standard (4:3 or 5:4),SD,60,169.55,1,2,1,0.3,32,43,3.2,6990
Lava E-Tab Ivory (WiFi+3G+4GB),lava,android,NULL,NULL,2,1.2,1,0,0,0,NULL,4,3000,0,7,Standard (4:3 or 5:4),SD,60,169.55,1,2,1,0.3,32,39,3.2,5549
Lava E-Tab Velo (4GB),lava,android,NULL,NULL,1,1,0,0,0,0,0.5,4,2500,0,7,Standard (4:3 or 5:4),SD,60,133.28,0,NULL,1,0.3,NULL,33,3.45,4637
Lava Z7S,lava,android,NULL,NULL,1,1,0,0,0,0,0.5,4,2300,0,7,Widescreen (16:10),SD,60,133.28,1,0.3,0,NULL,NULL,31,4.1,5200
Lava E-Tab Z7C Connect Plus WiFi+3G (4GB),lava,android,NULL,NULL,1,1,1,0,0,0,0.5,4,NULL,NULL,7,Standard (4:3 or 5:4),SD,60,133.28,1,0.3,1,0.3,32,37,4,3900
Lava E-Tab XTRON Plus Tab (WiFi+8GB),lava,android,NULL,NULL,2,1.5,0,0,0,0,1,8,NULL,NULL,7,Standard (4:3 or 5:4),SD,60,169.55,1,2,1,0.3,32,38,3.85,4000
Lava E-Tab XTRON Tab WiFi+3G (8GB),lava,android,NULL,NULL,2,1.5,0,0,0,0,NULL,8,3500,0,7,Widescreen (16:10),SD,60,172.51,1,2,0,NULL,32,38,4.55,6699
Lava E-Tab Z7H Plus,lava,android,NULL,NULL,1,1,0,0,0,0,NULL,4,2800,0,7,Widescreen (16:10),SD,60,133.28,1,0.3,0,NULL,32,30,3.75,3998
Lava E-Tab Z7H WiFi (4 GB),lava,android,NULL,NULL,1,1.2,0,0,0,0,NULL,4,2800,0,7,Widescreen (16:10),SD,60,133.28,1,0.3,0,NULL,NULL,28,2,4190
Lava E-Tab Connect Z7C (4GB),lava,android,NULL,NULL,1,1.2,1,0,0,0,0.5,4,3000,0,7,Widescreen (16:10),SD,60,133.28,1,2,1,0.3,32,37,4.25,6999
Micromax Canvas P802 Tablet,micromax,android,Helio,Helio MT8735V,4,1.3,1,0,0,0,2,16,4000,0,8,Standard (4:3 or 5:4),SD,60,188.68,1,5,1,2,NULL,48,4.25,6998
Micromax Canvas Tab P702,micromax,android,NULL,NULL,4,1.3,1,0,0,0,2,16,3000,0,7,Standard (4:3 or 5:4),SD,60,209.8,1,5,1,2,32,54,4.15,5890
Micromax Canvas Tab P290,micromax,android,NULL,NULL,4,1.3,0,0,0,0,1,8,2820,0,7,Standard (4:3 or 5:4),SD,60,169.55,1,2,1,0.3,NULL,40,4.05,3150
Micromax Funbook Infinity P275 WiFi (4GB),micromax,android,NULL,NULL,1,1.2,0,0,0,0,0.5,4,4000,0,7,Widescreen (16:10),SD,60,133.28,1,2,1,0.3,32,31,3.9,4499
Micromax Canvas Plex Tablet (WiFi+4G+32GB),micromax,android,Helio,Helio MT8382,4,1,1,0,0,0,3,32,4000,0,8,Standard (4:3 or 5:4),SD,60,188.68,1,5,1,2,NULL,57,4.55,8499
Micromax Canvas Tab P701 Plus,micromax,android,Helio,Helio MT8735,4,1,1,0,0,0,2,16,3500,0,7,Standard (4:3 or 5:4),SD,60,169.55,1,5,1,2,32,51,4.2,5845
Micromax Canvas P681 Tablet (WiFi+3G+16GB),micromax,android,Helio,Helio MT8321,4,1.3,1,0,0,0,1,16,4000,0,8,Widescreen (16:10),SD,60,188.68,1,5,1,2,32,45,4.1,4950
Micromax Canvas Tab P701,micromax,android,NULL,NULL,4,1,1,0,0,0,1,8,3500,0,7,Widescreen (16:10),SD,60,169.55,1,5,1,2,32,42,4.5,5799
Micromax Canvas Tab P70221,micromax,android,NULL,NULL,2,1.3,1,0,0,0,1,16,3200,0,7,Standard (4:3 or 5:4),SD,60,169.55,1,2,1,2,32,46,3.95,4449
Micromax Fantabulet F666 Tablet,micromax,android,NULL,NULL,4,1.3,1,0,0,0,1,8,3000,0,6.98,Widescreen (16:10),SD,60,210.4,1,8,1,2,32,46,4.5,4899
Micromax Canvas Laptab LT777,micromax,android,NULL,NULL,4,1.83,1,0,0,0,2,32,9000,0,11.6,Standard (4:3 or 5:4),SD,60,130.12,1,2,1,2,64,58,4.35,10499
Micromax Canvas Tab P680,micromax,android,NULL,NULL,4,1.3,1,0,0,0,1,8,4000,0,8,Standard (4:3 or 5:4),SD,60,188.68,1,5,1,2,32,46,4.15,5990
Micromax Canvas Tabby P469,micromax,android,NULL,NULL,2,1.3,1,0,0,0,1,8,3200,0,7,Standard (4:3 or 5:4),SD,60,169.55,1,2,1,0.3,32,46,4.3,5499
Micromax Canvas Laptab LT666,micromax,android,NULL,NULL,4,1.83,1,0,0,0,2,32,7700,0,10.1,Standard (4:3 or 5:4),SD,60,149.45,1,2,1,2,64,58,4.1,9999
Micromax Canvas P690 Tablet,micromax,android,Intel,Intel,4,1.83,1,0,0,0,1,8,4000,0,8,Standard (4:3 or 5:4),SD,60,188.68,1,5,1,2,32,47,4,4980
Micromax Canvas P480 Tablet (WiFi+3G+8GB),micromax,android,Helio,Helio MT8382W,4,1.3,1,0,0,0,1,8,3000,0,7,Widescreen (16:10),SD,60,169.55,1,5,1,2,32,44,4.05,4290
Micromax Funbook Ultra HD P580i Tablet,micromax,android,NULL,NULL,4,1.2,1,0,0,0,1,8,3600,0,7.8,Standard (4:3 or 5:4),SD,60,188.28,1,5,1,2,32,48,4.15,8999
Micromax Canvas Breeze Tab P660,micromax,android,NULL,NULL,4,1.2,1,0,0,0,1,8,4000,0,7.85,Standard (4:3 or 5:4),SD,60,163.06,1,5,1,2,32,47,3.9,7499
Micromax Canvas P470 Tablet (WiFi+3G+8GB),micromax,android,NULL,NULL,2,1.3,1,0,0,0,1,8,3200,0,7,Standard (4:3 or 5:4),SD,60,169.55,1,5,1,0.3,32,44,4.5,3599
Micromax Canvas Tab P666,micromax,android,NULL,NULL,2,1.2,1,0,0,0,1,8,4400,0,8,Standard (4:3 or 5:4),SD,60,188.68,1,5,1,2,32,45,4.35,4490
Micromax Funbook Mini P410i (WiFi+3G+4GB),micromax,android,NULL,NULL,2,1.2,1,0,0,0,1,4,2800,0,7,Standard (4:3 or 5:4),SD,60,169.55,1,5,1,2,32,43,3.1,5990
Micromax Funbook Ultra HD P580 Tablet,micromax,android,NULL,NULL,4,1.2,1,0,0,0,1,8,3600,0,7.8,NULL,NULL,60,NULL,1,5,1,2,32,37,4.15,2994
Micromax Canvas Tab P650E Tablet,micromax,android,NULL,NULL,4,1.2,1,0,0,0,0.5,4,3000,0,7,NULL,NULL,60,NULL,1,2,1,2,32,30,3.25,4786
Micromax Funbook P256 Tablet (WiFi+4GB),micromax,android,NULL,NULL,1,1.2,0,0,0,0,0.5,4,3000,0,7,Standard (4:3 or 5:4),SD,60,133.28,1,3,1,1.3,32,30,3.15,4299
Micromax Funbook P365 Tablet (4GB),micromax,android,NULL,NULL,2,1.2,1,0,0,0,1,4,2800,0,7,Standard (4:3 or 5:4),SD,60,133.28,1,2,1,0.3,32,39,4.2,4999
Micromax Funbook P280 Tablet (4GB),micromax,android,NULL,NULL,2,1,0,0,0,0,0.5,4,2400,0,7,Standard (4:3 or 5:4),SD,60,133.28,0,0,0,NULL,32,31,4.4,3850
Micromax Funbook Tab P255 (WiFi+1.15GB),micromax,android,NULL,NULL,1,1.2,0,0,0,0,0.5,1.15,2600,0,7,Standard (4:3 or 5:4),SD,60,133.28,1,2,1,0.3,32,25,3.25,4999
Micromax Canvas Tab P650,micromax,android,NULL,NULL,4,1.2,1,0,0,0,1,16,4800,0,8,Standard (4:3 or 5:4),SD,60,160,1,5,1,2,32,46,4.35,3394
Micromax Funbook Mini P410 Tab (WiFi+3G),micromax,android,NULL,NULL,2,1,1,0,0,0,1,4,2800,0,7,Standard (4:3 or 5:4),SD,60,169.55,1,2,1,0.3,32,42,3.75,6490
Micromax Funbook Talk P362 (2GB),micromax,android,NULL,NULL,1,1.2,1,0,0,0,1,1.65,3000,0,7,Widescreen (16:10),SD,60,133.28,1,2,1,0.3,32,32,3.5,6400
Micromax Funbook 3G P560 (2.5GB),micromax,android,NULL,NULL,1,1,1,0,0,0,0.5,2.5,3000,0,7,Standard (4:3 or 5:4),SD,60,133.28,1,2,1,0.3,32,35,4.1,6000
Micromax Funbook Pro P500 WiFi (8GB),micromax,android,NULL,NULL,1,1.2,0,0,0,0,1,8,5800,0,10.1,Widescreen (16:10),SD,60,117.51,1,0.3,0,NULL,32,38,4.1,6599
Micromax Funbook Tab P300 WiFi (4GB),micromax,android,NULL,NULL,1,1.22,0,0,0,0,0.5,4,2800,0,7,Standard (4:3 or 5:4),SD,60,133.28,0,NULL,1,0.3,NULL,33,4.55,4000
Micromax Funbook Alpha P250 WiFi (4GB),micromax,android,NULL,NULL,1,1,0,0,0,0,0.5,4,2800,0,7,Standard (4:3 or 5:4),SD,60,133.28,1,0.3,0,NULL,32,32,2.75,5000
Micromax Funbook Talk P350 WiFi+2G (4GB),micromax,android,NULL,NULL,2,1,1,0,0,0,NULL,4,2800,0,7,Standard (4:3 or 5:4),SD,60,133.28,1,0.3,0,NULL,32,33,4.2,7399
Micromax Funbook Tab P600 WiFi+3G (4GB),micromax,android,NULL,NULL,2,1,1,0,0,0,0.5,4,NULL,NULL,7,Standard (4:3 or 5:4),SD,60,133.28,1,2,0,NULL,32,37,4.35,6999
Micromax Funbook Talk P360 (2GB),micromax,android,NULL,NULL,1,1,1,0,0,0,NULL,2,2800,0,7,Standard (4:3 or 5:4),SD,60,133.28,1,0.3,0,NULL,NULL,30,2.9,7999
Wishtel IRA Duo Pro 5G Tablet,wishtel,android,NULL,NULL,8,2,1,1,0,0,8,128,8000,0,12,Widescreen (16:10),HD+,60,194.37,1,13,1,8,1024,81,4.3,29189
Wishtel IRA T1021 4G,wishtel,android,NULL,NULL,8,2,1,0,0,0,4,64,8000,0,10,Widescreen (16:10),HD+,60,226.42,1,8,1,5,256,71,4.75,14049
Wishtel IRA Duo Plus Tablet,wishtel,android,NULL,NULL,NULL,NULL,1,0,0,0,4,64,NULL,NULL,10,Widescreen (16:10),HD+,60,226.42,1,8,1,2,NULL,59,4,18589
Wishtel IRA Duo Book 1 Tablet,wishtel,android,Other,Other,8,2.8,0,0,0,0,8,256,3400,0,11,Balanced (3:2),2K,60,236,1,5,1,1,1024,72,4.2,42149
Wishtel IRA Duo Pro Tablet,wishtel,android,NULL,NULL,8,2,1,0,0,0,6,64,8000,0,10.4,Widescreen (16:10),HD+,60,224.27,1,13,1,8,1024,74,4.75,25759
Wishtel IRA T1029 Tablet,wishtel,android,NULL,NULL,8,2,1,0,0,0,8,256,8000,0,12,Widescreen (16:10),HD+,60,194.37,1,13,1,5,1024,77,4.55,25759
Wishtel IRA T808 Tablet,wishtel,android,NULL,NULL,8,2,1,0,0,0,3,32,5500,0,8,Widescreen (16:10),SD,60,188.68,1,8,1,5,128,68,4.2,11549
Wishtel IRA T811 Tablet,wishtel,android,NULL,NULL,8,2,1,0,0,0,4,64,5500,0,8.4,Widescreen (16:10),HD+,60,269.54,1,8,1,5,1024,73,4.35,12959
Wishtel IRA T1030 4G Tablet,wishtel,android,NULL,NULL,8,2,1,0,0,0,4,64,8000,0,10.4,Widescreen (16:10),HD+,60,224.27,1,13,1,8,256,73,4,16789
Wishtel IRA T1015 4G Tablet,wishtel,android,NULL,NULL,8,2,1,0,0,0,3,32,7000,0,10.4,Widescreen (16:10),HD+,60,224.27,1,8,1,5,1,69,4.75,13113
WishTel IRA T803,wishtel,android,NULL,NULL,4,1.3,1,0,0,0,2,32,5500,0,8,Widescreen (16:10),SD,60,188.68,1,8,1,5,1,57,4.35,10146
Wishtel IRA T1020 4G Tablet,wishtel,android,NULL,NULL,8,2,1,0,0,0,8,128,8000,0,10.4,Widescreen (16:10),HD+,60,224.27,1,8,1,5,256,75,4.35,19999
Wishtel IRA 801 Tablet (32GB),wishtel,android,NULL,NULL,4,1.3,0,0,0,0,2,32,5000,0,8,Widescreen (16:10),SD,60,188.68,1,5,1,2,1,49,4.25,10499
Wishtel IRA A1 Tablet,wishtel,android,NULL,NULL,4,1.3,0,0,0,0,2,32,6500,0,10.1,Widescreen (16:10),HD+,60,224.17,1,8,1,5,64,53,4.6,8000
Wishtel IRA MT 10,wishtel,android,NULL,NULL,NULL,NULL,1,0,0,0,1,8,6000,0,10.1,Widescreen (16:10),SD,60,149.45,1,0.3,0,NULL,NULL,41,4,7999
Wishtel IRA Z PAD 4G Tablet,wishtel,android,NULL,NULL,4,1.3,1,0,0,0,2,32,6000,0,10,Standard (4:3 or 5:4),SD,60,150.94,1,5,1,2,64,59,4.55,9299
Wishtel IRA W801i Tablet,wishtel,android,NULL,NULL,4,2,1,0,0,0,3,32,3000,0,8,Widescreen (16:10),SD,60,188.68,1,8,0,NULL,NULL,62,4.55,10985
Wishtel Ira J2 Tablet,wishtel,android,NULL,NULL,4,2,1,0,0,0,4,64,8500,0,10.1,Widescreen (16:10),HD+,60,224.17,1,13,1,8,256,71,4.7,16483
Wishtel IRA 802 Tablet,wishtel,android,NULL,NULL,4,1.3,1,0,0,0,2,32,5300,0,8,Widescreen (16:10),SD,60,188.68,1,2,1,2,64,58,4.35,7999
Wishtel IRA A2 Tablet,wishtel,android,NULL,NULL,NULL,NULL,1,0,0,0,2,16,NULL,NULL,7,Widescreen (16:10),SD,60,169.55,1,0.3,0,NULL,NULL,43,4.5,5999
Wishtel IRA102017i Tablet,wishtel,android,NULL,NULL,NULL,NULL,1,0,0,0,3,32,8000,0,10,Widescreen (16:10),HD+,60,226.42,1,13,1,5,64,62,4,12899
Wishtel IRA 801 Tablet,wishtel,android,NULL,NULL,4,1.3,0,0,0,0,2,16,5000,0,8,Widescreen (16:10),SD,60,188.68,1,5,1,2,1,47,4.2,6999
Wishtel IRA Duo Tablet,wishtel,android,NULL,NULL,8,1.6,1,0,0,0,3,32,6000,0,10.1,Widescreen (16:10),HD+,60,224.17,1,8,1,5,NULL,67,4.6,16399
Wishtel IRA S1,wishtel,android,NULL,NULL,4,1.3,1,0,0,0,2,16,3000,0,7,Widescreen (16:10),SD,60,169.55,1,2,1,0.3,64,55,4.7,5165
Wishtel IRA T701 Tablet,wishtel,android,NULL,NULL,4,1.3,1,0,0,0,2,16,2750,0,7,Widescreen (16:10),SD,60,209.8,1,2,1,0.3,64,56,4.5,6621
Wishtel IRA W7258 Tablet,wishtel,android,NULL,NULL,8,1.6,1,0,0,0,2,16,4000,0,7,Widescreen (16:10),SD,60,215.63,1,5,1,2,64,59,4.35,9725
Wishtel Ira Tablet,wishtel,android,NULL,NULL,4,1.3,1,0,0,0,1,8,3000,0,7,Widescreen (16:10),SD,60,169.55,1,2,1,0.3,64,48,4.2,4713
Wishtel IRA07 Tablet,wishtel,android,NULL,NULL,4,1.3,1,0,0,0,1,8,3000,0,7,Widescreen (16:10),SD,60,169.55,1,0.3,1,0.3,32,47,4.55,4499
Asus ROG Flow Z13 Gaming Tablet,asus,other,Intel,Intel i9,NULL,NULL,0,0,0,0,NULL,NULL,NULL,NULL,13.4,Widescreen (16:10),HD+,120,164.4,0,0,0,NULL,NULL,35,4.15,44990
Asus Fonepad 7 FE171CG,asus,android,NULL,NULL,2,1.2,1,0,0,0,1,8,3950,0,7,Standard (4:3 or 5:4),SD,60,169.55,1,5,1,2,64,46,4.4,9000
Asus Google Nexus 7 (16GB),asus,android,NULL,NULL,4,1.2,0,0,1,0,1,16,4325,0,7,Standard (4:3 or 5:4),SD,60,215.63,1,1.2,0,NULL,0,45,4.25,15999
Asus CM3000DVA-HT0038 Tablet (Wi-Fi Only),asus,other,Helio,Helio MT8183C,8,NULL,0,0,0,0,4,64,NULL,NULL,10.5,Standard (4:3 or 5:4),HD+,60,215.63,1,8,1,2,1,57,4.45,29990
Asus Memo Pad 8 ME581CL (16GB),asus,android,Intel,Intel Z3580,4,2.3,1,0,1,0,2,16,NULL,NULL,8,Standard (4:3 or 5:4),HD+,60,283.02,1,5,1,1.2,64,62,4.3,20990
Asus ZenPad 3 8.0 Z581KL,asus,other,Snapdragon,Snapdragon 650,6,1.4,1,0,0,0,4,32,4680,0,7.9,Standard (4:3 or 5:4),WQXGA,60,324.05,1,8,1,2,1,64,4.35,18999
Asus ZenPad C 7.0 Z170MG,asus,other,Helio,Helio MT8382V,4,NULL,1,0,0,0,1,8,3450,0,7,Standard (4:3 or 5:4),SD,60,169.55,1,5,1,0.3,64,42,3.05,8299
Asus ZenPad 8.0 (WiFi+3G+16GB),asus,android,NULL,NULL,8,1.3,1,0,0,0,2,16,4000,0,8,Standard (4:3 or 5:4),SD,60,188.68,1,8,1,2,128,55,4.15,12499
Asus ZenPad C 7.0 (WiFi+3G+8GB),asus,android,NULL,NULL,4,1.2,1,0,0,0,1,8,3450,0,7,Standard (4:3 or 5:4),SD,60,169.55,1,5,1,0.3,64,45,3.7,9299
Asus ZenPad Theater 7.0 Z370CG,asus,other,NULL,NULL,4,1.2,1,0,0,0,2,16,3450,0,7,Standard (4:3 or 5:4),SD,60,215.63,1,8,1,2,64,51,4,6999
Asus ZenPad 7 Z170CG,asus,android,Intel,Intel,4,NULL,1,0,0,0,1,8,NULL,NULL,7,Standard (4:3 or 5:4),SD,60,169.55,0,0,0,NULL,1,35,4.25,4999
Asus Tablet ME581 (WiFi+3G+16GB),asus,android,NULL,NULL,4,1.8,0,0,1,0,2,16,4350,0,8,Standard (4:3 or 5:4),HD+,60,283.02,1,5,1,1.2,64,57,2.95,16950
Asus Tablet FE171 (WiFi+3G+16GB),asus,android,NULL,NULL,2,1.2,1,0,0,0,1,16,3950,0,7,Standard (4:3 or 5:4),SD,60,169.55,1,8,1,2,64,49,4.4,10999
Asus TF103CG Transformer Pad Netbook (4th Gen Atom Dual Core/ 1GB/ 8GB EMMC/ Android v4.0/ 1GB Graph),asus,android,Intel,Intel Z2560,2,1.6,0,0,0,0,1,NULL,NULL,NULL,10.1,Widescreen (16:10),SD,60,149.45,1,2,0,NULL,NULL,33,3.85,9490
Asus Memo Pad 7 ME172V (8GB),asus,android,NULL,NULL,1,1,0,0,0,0,1,8,4270,0,7,Standard (4:3 or 5:4),SD,60,169.55,1,1,0,NULL,32,38,3.25,5990
Asus Fonepad 8 FE380CG,asus,android,Intel,Intel Z3530,4,1.33,1,0,0,0,1,16,NULL,NULL,8,Standard (4:3 or 5:4),SD,60,188.68,1,5,1,2,64,51,3.9,12799
ASUS VivoTab Note 8 M80T (32GB),asus,other,NULL,NULL,4,1.86,0,0,0,0,2,32,3950,0,8,Standard (4:3 or 5:4),SD,60,188.68,1,5,1,1.3,NULL,51,4.65,34218
Asus Fonepad 7 FE375CG,asus,android,NULL,NULL,4,1.83,1,0,0,0,1,8,3950,0,7,Standard (4:3 or 5:4),SD,60,215.63,1,5,1,2,1,49,4.45,7999
Asus Fonepad 7 2014 Dual Sim (3G+8GB) (FE170CG),asus,other,NULL,NULL,2,1.2,1,0,0,0,1,8,3950,0,7,Standard (4:3 or 5:4),SD,60,169.55,1,2,1,0.3,64,45,4.45,5190
Asus Fonepad 7 Dual SIM Tablet (WiFi+3G+8GB) (ME175CG),asus,android,NULL,NULL,2,1.2,1,0,0,0,1,8,3950,0,7,Standard (4:3 or 5:4),SD,60,215.63,1,5,1,1.2,64,47,3.05,2594
Asus Fonepad 7 Dual SIM Tablet (WiFi+3G+16GB) (ME175CG),asus,android,NULL,NULL,2,1.2,1,0,0,0,1,16,3950,0,7,Standard (4:3 or 5:4),SD,60,215.63,1,5,1,1.2,64,50,4,8299
Asus Fonepad 7 2014 Dual Sim (3G+4GB) (FE170CG),asus,android,Intel,Intel Z2520,2,1.2,1,0,0,0,1,4,NULL,NULL,7,Standard (4:3 or 5:4),SD,60,169.55,1,2,1,0.3,64,43,3.4,6599
Asus Fonepad 7 Tablet (3G+8GB) (ME372CG),asus,android,NULL,NULL,2,1.6,1,0,0,0,1,8,3950,0,7,Standard (4:3 or 5:4),SD,60,215.63,1,5,1,1.2,64,47,4.5,14199
Asus Transformer Book Trio,asus,android,NULL,NULL,2,1.6,0,0,0,0,2,16,NULL,NULL,11.6,Standard (4:3 or 5:4),HD+,60,189.91,1,5,1,1.2,64,61,4.2,98000
Asus Google Nexus 7 (2013) (3G+LTE+32GB),asus,android,NULL,NULL,4,1.5,1,0,1,0,2,32,3950,0,7,Standard (4:3 or 5:4),HD+,60,323.45,1,5,1,1.2,0,60,4.35,26450
Asus Fonepad 7 Tablet (3G+16GB) (ME372CG),asus,android,NULL,NULL,2,1.6,1,0,0,0,1,16,3950,0,7,Standard (4:3 or 5:4),SD,60,215.63,1,5,1,1.2,64,49,4.5,16469
Asus VivoTab RT TF600T (32GB),asus,other,NULL,NULL,2,1.8,0,0,1,0,2,64,7500,0,11.6,Standard (4:3 or 5:4),SD,60,132.85,1,8,1,2,NULL,58,4.45,58000
Asus Google Nexus 7 (2013) (32GB),asus,android,NULL,NULL,4,1.5,0,0,1,0,2,32,3950,0,7,Standard (4:3 or 5:4),HD+,60,323.45,1,5,1,1.2,0,54,4.45,13990
Asus VivoTab ME400CL-1A057W Smart Tablet (WiFi+4G+64GB),asus,other,NULL,NULL,1,NULL,0,0,1,0,2,64,NULL,NULL,11.6,Widescreen (16:10),SD,60,135.09,1,8,1,2,1,54,4.55,41999
Asus Google Nexus 7 (2013) (16GB),asus,android,NULL,NULL,4,1.5,0,0,1,0,2,16,3950,0,7,Standard (4:3 or 5:4),HD+,60,323.45,1,5,1,1.2,0,55,4.45,14490
Asus PadFone Tablet (WiFi+3G+32GB),asus,android,NULL,NULL,2,1,1,0,0,0,1,32,1520,0,4.3,Standard (4:3 or 5:4),SD,60,256.15,1,8,1,1.3,32,49,4.060670599096297,15600
Asus VivoTab RT TF600T (64GB),asus,android,NULL,NULL,4,1.3,0,0,1,0,2,64,NULL,NULL,10.1,Widescreen (16:10),SD,60,155.16,1,8,1,2,64,60,4.05,61990
ASUS Eee Pad Slider SL101 (32GB),asus,android,NULL,NULL,2,1.2,0,0,0,0,1,32,NULL,NULL,10.1,Standard (4:3 or 5:4),SD,60,149.45,1,5,1,1.2,32,50,3,39900
Asus Memo Pad HD7,asus,other,Helio,Helio MT8125,4,1.2,0,0,0,0,1,16,3890,0,7,Standard (4:3 or 5:4),SD,60,215.63,1,5,1,1.2,32,45,4.5,9100
Asus Memo Pad FHD10,asus,android,NULL,NULL,1,1.6,0,0,0,0,2,32,NULL,NULL,10,Widescreen (16:10),HD+,60,226.42,1,5,1,1.2,32,52,4.25,22115
Asus Transformer Pad Infinity,asus,android,NULL,NULL,4,1.9,0,0,0,0,2,32,180,0,10.1,Widescreen (16:10),WQXGA,60,298.9,1,5,1,1.2,64,63,4.1,43999
Asus Google Nexus 7 (8GB),asus,android,NULL,NULL,4,1.2,0,0,1,0,1,8,4325,0,7,Standard (4:3 or 5:4),SD,60,215.63,1,1.2,0,NULL,0,44,2.75,18522
Asus Google Nexus 7 (32GB),asus,android,NULL,NULL,4,1.2,0,0,1,0,1,32,4325,0,7,Standard (4:3 or 5:4),SD,60,215.63,0,NULL,1,2,NULL,47,3.85,15000
Asus Google Nexus 7 3G (32GB),asus,other,NULL,NULL,4,1.2,1,0,1,0,1,32,4325,0,7,Standard (4:3 or 5:4),SD,60,215.63,0,NULL,1,1.2,NULL,51,4,17990
Asus Memo Pad Smart 10,asus,android,NULL,NULL,4,1.2,0,0,0,0,1,16,NULL,NULL,10.1,Widescreen (16:10),SD,60,149.45,1,5,1,1.2,32,48,4.45,16500
Asus Fonepad (WiFi+3G+8GB) (ME371MG),asus,other,NULL,NULL,1,1.2,1,0,0,0,1,8,4270,0,7,Standard (4:3 or 5:4),SD,60,215.63,1,3.15,1,1.2,32,45,4.3,8300
Asus Google Nexus 7 3G (16GB),asus,android,NULL,NULL,4,1.2,1,0,1,0,1,16,4325,0,7,Standard (4:3 or 5:4),SD,60,215.63,1,1.2,0,NULL,0,50,3.25,21559
Asus Transformer Pad TF201 WiFi (64GB),asus,android,NULL,NULL,4,1.3,0,0,0,0,1,64,NULL,NULL,10.1,Widescreen (16:10),SD,60,149.45,1,8,1,1.2,32,56,3.65,45900
Asus Transformer Pad TF101 WiFi (16GB),asus,android,NULL,NULL,2,1,0,0,0,0,1,16,NULL,NULL,10.1,Widescreen (16:10),SD,60,149.45,1,5,1,1.2,32,46,2.4,17944
Asus Transformer Pad TF201 WiFi (32GB),asus,android,NULL,NULL,4,1.3,0,0,0,0,1,32,NULL,NULL,10.1,Widescreen (16:10),SD,60,149.45,1,8,1,1.2,32,53,4.25,34948
Asus Transformer Pad TF300T WiFi (16GB),asus,android,NULL,NULL,4,1.2,0,0,0,0,1,16,NULL,NULL,10.1,Widescreen (16:10),SD,60,149.45,1,8,1,1.2,32,50,4.25,28633
Asus Transformer Pad TF300TG WiFi+3G (32GB),asus,android,NULL,NULL,1,1.2,1,0,0,0,1,32,NULL,NULL,10.1,Widescreen (16:10),SD,60,149.45,1,8,1,1.2,1,52,3.4,29990
BSNL Penta T-Pad WS704Q (WiFi+3G+8GB),bsnl,android,NULL,NULL,4,1.3,1,0,0,0,1,8,3000,0,7,Standard (4:3 or 5:4),SD,60,169.55,1,8,1,5,32,45,4.65,3939
BSNL Penta 73AAQ1 Tablet (WiFi+3G+8GB),bsnl,android,NULL,NULL,4,1.3,1,0,0,0,1,8,3600,0,7,Widescreen (16:10),SD,60,169.55,1,8,1,5,32,45,4.7,3999
Bsnl Penta T-PAD IS701D,bsnl,android,NULL,NULL,2,1.3,1,0,0,0,0.5,4,NULL,NULL,NULL,NULL,NULL,60,NULL,1,2,0,NULL,1,28,4.65,3875
BSNL Penta 83AAQ1 Tablet (WiFi+3G+8GB),bsnl,android,NULL,NULL,4,1.3,1,0,0,0,1,8,4000,0,8,Standard (4:3 or 5:4),SD,60,188.68,1,8,1,5,32,48,4.65,5100
BSNL Penta WS-704Q Ultra (WiFi+4G+8GB),bsnl,android,Helio,Helio,4,1,1,0,0,0,1,8,3000,0,7,Widescreen (16:10),SD,60,169.55,1,8,1,5,32,47,4.05,5400
BSNL Penta WS-704Q (WiFi+4G+16GB),bsnl,android,NULL,NULL,4,1.5,1,0,0,0,1,16,4000,0,7,Widescreen (16:10),SD,60,215.63,1,5,1,2,32,48,3.95,7499
BSNL Penta WS802C Tablet(WiFi+8GB),bsnl,android,NULL,NULL,NULL,NULL,1,0,0,0,1,8,5000,0,8,Standard (4:3 or 5:4),SD,60,125,1,2,1,0.3,32,33,3.5,5068
BSNL Penta T-Pad WS704DX Tablet,bsnl,android,NULL,NULL,2,1.2,1,0,0,0,1,8,3000,0,7,Standard (4:3 or 5:4),SD,60,169.55,1,2,1,0.3,32,44,4.6,4999
BSNL Penta T-Pad WS704D,bsnl,android,NULL,NULL,2,1.2,1,0,0,0,0.5,4,3000,0,7,Standard (4:3 or 5:4),SD,60,169.55,1,2,1,0.3,32,39,3.55,3799
BSNL Penta IS703C Wi-Fi Tablet,bsnl,android,NULL,NULL,1,1,1,0,0,0,1,8,4000,0,7,Standard (4:3 or 5:4),SD,60,133.28,1,0.3,1,0.3,32,37,4,2159
Bsnl Penta PS650 Tablet (WiFi+3G+4GB),bsnl,android,NULL,NULL,2,1.2,1,0,0,0,0.5,4,2500,0,6.5,Widescreen (16:10),SD,60,143.53,1,2,1,0.3,32,37,4.55,2900
BSNL Penta T-Pad WS802C DC Tablet,bsnl,android,NULL,NULL,1,1,1,0,0,0,1,1,5000,0,8,Standard (4:3 or 5:4),SD,60,125,1,2,1,0.3,32,30,4.25,5960
BSNL Penta T-Pad WS802C 3G,bsnl,android,NULL,NULL,1,1.2,1,0,0,0,NULL,4,NULL,NULL,8,Standard (4:3 or 5:4),SD,60,125,1,2,1,0.3,32,36,4.45,7999
BSNL Penta T-Pad IS703C (WiFi+8GB),bsnl,android,NULL,NULL,1,1,0,0,0,0,1,8,4000,0,7,Widescreen (16:10),SD,60,133.28,1,0.3,0,NULL,NULL,34,3.9,3999
BSNL Penta T-Pad WS703C,bsnl,android,NULL,NULL,1,1.2,1,0,0,0,0.5,4,3000,0,7,Widescreen (16:10),SD,60,133.28,1,0.3,0,NULL,NULL,32,4.2,2890
BSNL Penta T-Pad WS802C FC Tablet,bsnl,android,NULL,NULL,1,1,1,0,0,0,1,1,5000,0,8,Standard (4:3 or 5:4),SD,60,125,0,NULL,1,0.3,NULL,30,4,7499
BSNL Penta T-Pad IS709C Tablet,bsnl,android,NULL,NULL,1,1.2,1,0,0,0,0.5,4,3000,0,7,Standard (4:3 or 5:4),SD,60,133.28,1,0.3,0,NULL,NULL,32,3.8,2799
BSNL Penta T-Pad IS801C (WiFi+8GB),bsnl,android,NULL,NULL,1,1.2,0,0,0,0,1,8,5600,0,8,Standard (4:3 or 5:4),SD,60,160,1,0.3,0,NULL,NULL,37,4.1,4848
BSNL Penta T-Pad WS704C (WiFi+3G+4GB),bsnl,android,NULL,NULL,1,1,1,0,0,0,NULL,4,4000,0,7.7,Standard (4:3 or 5:4),SD,60,129.87,1,2,1,0.3,32,35,4,7460
BSNL Penta T-Pad WS708C,bsnl,android,NULL,NULL,1,1.2,1,0,0,0,0.5,4,3000,0,7,Standard (4:3 or 5:4),SD,60,133.28,1,2,1,0.3,32,36,4.45,2799
BSNL Penta T-Pad WS707C Tablet (WiFi+4GB),bsnl,android,NULL,NULL,1,1.2,1,0,0,0,1,4,3000,0,7,Widescreen (16:10),SD,60,169.55,1,2,1,0.3,NULL,32,4.55,4780
BSNL Penta T-Pad IS701C (WiFi+4GB),bsnl,android,NULL,NULL,1,1,0,0,0,0,0.5,4,3000,0,7,Widescreen (16:10),SD,60,133.28,1,0.3,0,NULL,NULL,31,4.2,2499
BSNL Penta T-Pad IS701CX Tablet,bsnl,android,NULL,NULL,1,1,0,0,0,0,1,4,NULL,NULL,7,Standard (4:3 or 5:4),SD,60,133.28,1,0.3,0,NULL,32,37,4.6,3799
Croma CRXT1178 Tablet,croma,other,NULL,NULL,2,1,0,0,0,0,0.5,4,2800,0,7,Widescreen (16:10),SD,60,133.28,1,0.3,1,0.3,32,35,3.75,1444
Croma CRXT1131 Tablet,croma,other,NULL,NULL,4,1.2,1,0,0,0,1,8,3200,0,7.85,Standard (4:3 or 5:4),SD,60,163.06,1,5,1,0.3,32,44,4.05,2624
Croma XT1179 Tablet,croma,other,NULL,NULL,1,1.33,1,0,0,0,2,32,5000,0,8,Standard (4:3 or 5:4),SD,60,188.68,1,2,1,2,1,47,4.6,7994
Croma CRXT1125 Tablet,croma,other,NULL,NULL,2,1,1,0,0,0,1,4,3000,0,7,Standard (4:3 or 5:4),SD,60,169.55,1,2,1,0.3,32,40,4.35,8990
Croma CRXT1125Q Tablet,croma,other,NULL,NULL,4,1.3,1,0,0,0,1,8,3000,0,7,Standard (4:3 or 5:4),SD,60,169.55,1,2,1,0.3,32,44,4.05,1744
Croma XT1177 Tablet,croma,other,NULL,NULL,1,NULL,1,0,0,0,NULL,NULL,NULL,NULL,10.1,NULL,NULL,60,NULL,1,2,1,2,1,18,3,6594
Cubot Tab Kingkong 2,cubot,android,Helio,Helio G99,8,2.2,1,0,0,0,8,256,20400,33,10.95,Standard (4:3 or 5:4),HD+,60,206.77,1,64,1,32,1,81,4.55,24999
Cubot Tab 70,cubot,android,Tiger,Tiger T616,8,2,1,0,0,0,6,128,8200,10,10.95,Standard (4:3 or 5:4),SD,60,137.85,2,16,1,8,1,69,4.15,15990
Cubot Tab 40,cubot,android,Tiger,Tiger T616,8,2,1,0,0,0,8,128,7000,0,10.4,Standard (4:3 or 5:4),HD+,60,224.27,1,13,1,5,1,73,4.05,10499
Google Pixel Tablet,google,android,Other,Other,8,2.85,0,0,0,0,8,128,7020,15,10.95,Standard (4:3 or 5:4),WQXGA,90,275.7,1,8,1,8,NULL,75,4.45,47990
Google Pixel Tablet 3,google,android,Other,Other,8,3.1,0,0,0,0,8,256,NULL,NULL,12.1,Standard (4:3 or 5:4),3K,120,263.66,1,12,1,12,NULL,70,4,99990
Google Pixel Tablet 2,google,android,Other,Other,8,3,0,0,0,0,8,128,NULL,NULL,11.95,Standard (4:3 or 5:4),3K,90,266.97,1,12,1,12,NULL,77,4.45,79990
Google Pixel Tablet (8GB RAM +256GB),google,android,Other,Other,8,2.85,0,0,0,0,8,256,7020,15,10.95,Standard (4:3 or 5:4),WQXGA,90,275.7,1,8,1,8,NULL,77,4.4,62963
Google Pixel Tablet Pro,google,android,Other,Other,NULL,NULL,0,0,0,0,8,128,7100,1,12.1,Standard (4:3 or 5:4),HD+,120,192.76,2,12,1,8,NULL,62,4.2,45990
Google Pixel C Tablet,google,android,Other,Other,4,1.9,0,0,0,0,3,64,NULL,NULL,10.19,Balanced (3:2),3K,60,307.11,1,8,1,2,0,64,4.5,30000
HTC A102 Tablet,htc,android,Helio,Helio MT6769,8,2,1,0,0,0,8,128,8000,18,11,Standard (4:3 or 5:4),HD+,60,212.03,1,20,1,8,256,79,4.3,14990
HTC A101 Plus Tablet,htc,android,Other,Other,8,1.6,1,0,0,0,8,128,7000,10,10.95,Standard (4:3 or 5:4),HD+,60,206.77,1,13,1,8,1,72,4.55,13499
HTC A104 Tablet,htc,android,Other,Other,8,1.6,1,0,0,0,8,128,7000,0,10.36,Widescreen (16:10),HD+,60,225.13,1,5,1,5,512,76,4.65,15999
HTC A103 Plus Tablet,htc,android,Helio,Helio MT8768A,8,2,1,0,0,0,4,64,6000,10,10.1,Standard (4:3 or 5:4),HD+,60,224.17,1,5,1,5,256,75,4,18990
HTC A101 Tablet,htc,android,Tiger,Tiger T618,8,2,1,0,0,0,8,128,7000,0,10.1,Standard (4:3 or 5:4),HD+,60,224.17,2,16,1,5,256,79,4.55,27990
HTC A100 Tablet,htc,android,Other,Other,6,2,1,0,0,0,8,128,7000,0,10.1,Standard (4:3 or 5:4),HD+,60,224.17,2,13,1,5,256,76,4.65,13990
Google Nexus 9 (WiFi+4G+32GB),google,android,Snapdragon,Snapdragon,2,2.3,1,0,1,0,2,32,6700,0,8.9,Standard (4:3 or 5:4),HD+,60,254.4,1,8,1,1.2,0,60,3.75,19758
Google Nexus 9,google,android,Other,Other,4,2.3,0,0,0,0,2,16,6700,0,8.9,Standard (4:3 or 5:4),WQXGA,60,287.64,1,8,1,1.6,0,56,4.3,24990
HTC Flyer P510E,htc,android,Snapdragon,Snapdragon,1,1.5,1,0,0,0,1,32,4000,0,7,Widescreen (16:10),SD,60,169.55,1,5,1,1.3,32,51,3.1,38229
Microsoft Surface Pro (128GB),microsoft,other,Intel,Intel,2,1.7,0,0,0,0,4,128,NULL,NULL,10.6,Widescreen (16:10),HD+,60,207.82,1,1.2,1,1.2,64,63,4.5,69990
Microsoft Surface Duo,microsoft,other,Snapdragon,Snapdragon 855,8,2.8,1,0,0,0,6,128,3577,18,8.1,UltraWide (21:9),HD+,60,359.01,1,11,0,NULL,NULL,87,4.5,104990
Microsoft Surface Pro 4 (6th Gen Ci5/ 4GB/ 128GB/ Win10 Pro),microsoft,other,Intel,Intel,1,NULL,1,0,0,0,4,128,NULL,NULL,12.3,Balanced (3:2),WQHD+,60,269.17,1,8,1,5,NULL,60,3.95,45990
Microsoft Surface Pro 4 (6th Gen Ci5/ 8GB/ 256GB/ Win10 Pro),microsoft,other,NULL,NULL,1,NULL,1,0,0,0,8,256,NULL,NULL,12.3,Balanced (3:2),WQHD+,60,267.34,0,0,0,NULL,NULL,55,2.7,96890
Microsoft Surface Pro 4 (6th Gen Ci7/ 8GB/ 256GB/ Win10 Pro),microsoft,other,NULL,NULL,1,NULL,1,0,0,0,8,256,NULL,NULL,12.3,Balanced (3:2),WQHD+,60,267.34,1,8,1,5,NULL,62,3.05,119490
Microsoft Surface 3,microsoft,other,NULL,NULL,1,1.6,1,0,0,0,2,64,NULL,NULL,10.8,Widescreen (16:10),HD+,60,203.97,1,8,1,3.5,NULL,53,4.55,31000
Microsoft Surface Pro (64GB),microsoft,other,Intel,Intel,2,1.7,0,0,0,0,4,64,NULL,NULL,10.6,Widescreen (16:10),HD+,60,207.82,1,1.2,1,1.2,64,62,4.65,77548
Microsoft Surface RT (64GB),microsoft,other,NULL,NULL,4,1.3,0,0,0,0,2,64,NULL,NULL,10.6,Widescreen (16:10),SD,60,147.84,1,1.2,1,1.2,64,55,4.25,36990
Microsoft Surface RT (32GB),microsoft,other,NULL,NULL,4,1.3,0,0,0,0,2,32,NULL,NULL,10.6,Widescreen (16:10),SD,60,147.84,1,1.2,1,1.2,64,52,4.25,22990
Nubia Pad 3D 2,nubia,android,Snapdragon,Snapdragon 8 Gen2,8,3.2,0,0,0,0,NULL,256,10000,66,12.1,Standard (4:3 or 5:4),WQXGA,144,249.49,2,13,2,8,1,77,4.55,99900
Nubia Tablet Pro,nubia,android,Snapdragon,Snapdragon 8 Gen3,8,3.3,0,0,0,0,8,256,10100,66,10.9,Standard (4:3 or 5:4),3K,60,311.58,1,13,1,20,NULL,75,4.6,32999
Nubia Pad 3D,nubia,android,Snapdragon,Snapdragon 888,8,2.84,0,0,0,0,8,128,9070,33,12.4,Standard (4:3 or 5:4),WQXGA,120,243.46,2,16,2,8,1024,81,4.15,86999
Datawind Ubislate 3G7Z Tablet (WiFi+3G+8GB),datawind,android,NULL,NULL,2,1.2,1,0,0,0,1,8,2750,0,7,Standard (4:3 or 5:4),SD,60,169.55,1,3,1,0.3,32,44,4.45,3000
Datawind Ubislate 7SC Star Tablet,datawind,android,NULL,NULL,1,1.3,1,0,0,0,0.5,4,2400,0,7,Standard (4:3 or 5:4),SD,60,133.28,1,2,1,0.3,NULL,34,4.5,2900
Datawind UbiSlate 9Ci Tablet (WiFi+2GB),datawind,android,NULL,NULL,1,1,0,0,0,0,NULL,2,3000,0,9,Standard (4:3 or 5:4),SD,60,103.66,1,0.3,0,NULL,32,27,4.15,3000
Datawind UbiSlate 3G7 Plus,datawind,android,NULL,NULL,2,1.3,1,0,0,0,0.5,4,2400,0,7,Standard (4:3 or 5:4),SD,60,133.28,1,2,1,0.3,32,40,4.55,3299
Datawind Ubislate 7DCX,datawind,android,NULL,NULL,1,1.3,1,0,0,0,0.5,4,NULL,NULL,7,Standard (4:3 or 5:4),SD,60,169.55,1,0.3,0,NULL,32,35,4.55,2280
Datawind UbiSlate 7CZ Tablet (WiFi+4GB+1GB RAM),datawind,android,NULL,NULL,2,1,1,0,0,0,1,4,2000,0,7,Standard (4:3 or 5:4),SD,60,133.28,1,2,1,0.3,32,40,3.85,4000
Datawind Ubislate 3G10 Tablet (WiFi+3G+8GB),datawind,android,NULL,NULL,2,1.3,1,0,0,0,1,8,6000,0,10.1,Standard (4:3 or 5:4),SD,60,117.51,1,5,1,0.3,32,46,3.75,7930
Datawind UbiSlate 3G7 Tablet (WiFi+4GB),datawind,android,NULL,NULL,1,1.2,1,0,0,0,0.5,4,2800,0,7,Standard (4:3 or 5:4),SD,60,133.28,1,3.1,1,0.3,32,36,3.3,2890
Datawind UbiSlate 10Ci Tablet,datawind,android,NULL,NULL,2,1,0,0,0,0,1,4,6000,0,10.1,Standard (4:3 or 5:4),SD,60,117.51,1,2,1,0.3,32,36,4.45,2999
Datawind UbiSlate 7CZ Tablet (WiFi+4GB),datawind,android,NULL,NULL,1,1,1,0,0,0,0.5,4,NULL,NULL,NULL,Standard (4:3 or 5:4),SD,60,NULL,1,2,1,0.3,32,30,3.45,2499
Datawind UbiSlate 7Ci Tablet,datawind,android,NULL,NULL,1,1,0,0,0,0,0.5,4,NULL,NULL,7,Widescreen (16:10),SD,60,133.28,1,0.3,0,NULL,32,30,4.2,2189
Datawind UbiSlate 3G7 Tablet (WiFi+3G+4GB),datawind,android,NULL,NULL,1,1.2,1,0,0,0,1,4,2800,0,7,Standard (4:3 or 5:4),SD,60,133.28,1,3.1,1,0.3,32,40,4.5,3199
Datawind UbiSlate 7CX Tablet (2G+2GB),datawind,android,NULL,NULL,1,NULL,1,0,0,0,NULL,2,2000,0,7,Standard (4:3 or 5:4),SD,60,133.28,0,0,0,NULL,NULL,25,4.15,1650
Datawind UbiSlate 7CZ Tablet (WiFi+8GB),datawind,android,NULL,NULL,2,1,1,0,0,0,1,8,NULL,NULL,7,Standard (4:3 or 5:4),SD,60,133.28,1,2,1,0.3,32,37,4.3,2799
Datawind UbiSlate 7C Plus Tablet (WiFi+4GB),datawind,android,NULL,NULL,1,1,1,0,0,0,0.5,4,3200,0,7,Widescreen (16:10),SD,60,133.28,1,0.3,0,NULL,32,30,4.15,2499
Datawind Ubislate 7C Plus EDGE,datawind,android,NULL,NULL,1,1,1,0,0,0,0.5,4,3200,0,7,Widescreen (16:10),SD,60,133.28,1,0.3,0,NULL,32,31,3.1,2901
Datawind Ubislate 7Ci (4GB),datawind,android,NULL,NULL,1,1,0,0,0,0,0.5,4,NULL,NULL,7,Widescreen (16:10),SD,60,133.28,1,0.3,0,NULL,32,30,2.65,2799
Blackberry PlayBook (32GB),blackberry,android,NULL,NULL,2,1,0,0,0,0,1,32,5300,0,7,Standard (4:3 or 5:4),SD,60,169.55,1,5,1,3,0,42,4.5,5999
Blackberry PlayBook (16GB),blackberry,android,NULL,NULL,2,1,0,0,0,0,1,16,5300,0,7,Standard (4:3 or 5:4),SD,60,169.55,1,5,1,3,0,40,4.35,4800
Blackberry PlayBook (64GB),blackberry,android,NULL,NULL,2,1,0,0,0,0,1,64,5300,0,7,Standard (4:3 or 5:4),SD,60,169.55,1,5,1,3,0,44,4.4,6500
BOOX Tab Ultra,boox,android,NULL,NULL,8,NULL,0,0,0,0,4,128,6300,0,10.3,Standard (4:3 or 5:4),2K,60,227.18,1,16,0,NULL,1,62,4.2,86990
BOOX Note Air 4C ePaper Tablet,boox,android,NULL,NULL,8,2,0,0,0,0,4,64,3700,0,10.3,Standard (4:3 or 5:4),WQHD+,60,300.97,1,16,0,NULL,1,72,4,78990
B00X Note Air 3C 3C EInk eReader,boox,android,NULL,NULL,8,2.4,0,0,0,0,4,64,3700,0,10.3,Standard (4:3 or 5:4),WQHD+,60,300.97,1,16,0,NULL,1,73,4.15,74990
BOOX Go 10.3,boox,android,NULL,NULL,8,2.4,0,0,0,0,4,64,3700,0,10.3,Standard (4:3 or 5:4),WQHD+,60,300.97,0,0,0,NULL,1,72,4.55,54990
Datawind UbiSlate 7SC Tablet,datawind,android,NULL,NULL,NULL,NULL,1,0,0,0,0.5,4,NULL,NULL,7,Widescreen (16:10),SD,60,133.28,1,0.3,0,NULL,NULL,31,4.05,3299
Datawind MoreGmax 4G7Z Tablet,datawind,android,Helio,Helio MT8735V,4,1,1,0,0,0,2,16,3000,0,7,Widescreen (16:10),SD,60,169.55,1,5,1,2,32,49,4.4,4279
Datawind Droidsurfer 3XG Tablet,datawind,android,Other,Other,2,1.2,1,0,0,0,NULL,8,2600,0,7,Widescreen (16:10),SD,60,169.55,1,3,1,0.3,32,39,4.4,2792
Datawind Ubislate 3G10Z Tablet,datawind,android,Helio,Helio MT8382,4,1.3,1,0,0,0,1,8,6000,0,10.1,Standard (4:3 or 5:4),SD,60,117.51,1,5,1,0.3,32,44,3.9,3999
Datawind 3G7X Tablet,datawind,android,Helio,Helio MT8312,2,1.2,1,0,0,0,0.5,8,2600,0,7,Standard (4:3 or 5:4),SD,60,169.55,1,3,1,0.3,32,40,4.45,2999
Datawind 7W Tablet (WiFi+4GB),datawind,android,NULL,NULL,1,1,1,0,0,0,0.5,4,NULL,NULL,7,Widescreen (16:9),SD,60,127.78,1,2,0,NULL,NULL,25,4.35,2049
Datawind Ubislate 7DCZ Tablet,datawind,android,Helio,Helio MT8312,2,1.3,1,0,0,0,1,8,2400,0,7,Standard (4:3 or 5:4),SD,60,133.28,1,2,1,0.3,32,40,3.35,3499
Datawind Droidsurfer 3XG Plus,datawind,android,NULL,NULL,1,1.2,1,0,0,0,1,8,2600,0,7,NULL,NULL,60,NULL,1,3,1,0.3,32,33,3.4,4899
Datawind Ubislate i3G7 Tablet,datawind,android,Intel,Intel,4,1.2,1,0,0,0,1,8,2800,0,7,Standard (4:3 or 5:4),SD,60,169.55,1,2,0,NULL,32,46,3.15,4699
Datawind Ubislate 7DCX Plus,datawind,android,Helio,Helio MT8312,2,1.3,1,0,0,0,0.5,8,2500,0,7,Standard (4:3 or 5:4),SD,60,133.28,1,2,1,0.3,32,39,3.15,2800
Datawind UbiSlate 7DC Plus,datawind,android,NULL,NULL,2,1.3,1,0,0,0,0.5,8,2800,0,7,Standard (4:3 or 5:4),SD,60,133.28,1,2,1,0.3,NULL,37,4.65,2900
Datawind 37Z Tablet (WiFi+3G+8GB),datawind,android,NULL,NULL,1,1,1,0,0,0,1,8,NULL,NULL,7,Widescreen (16:10),SD,60,169.55,1,3,0,NULL,32,42,3.65,11550
Datawind Pocket Surfer 5,datawind,android,NULL,NULL,1,1,1,0,0,0,0.25,512,NULL,NULL,5,Standard (4:3 or 5:4),SD,60,186.59,1,2,1,0.3,32,27,3.4,2499
Datawind 7D Tablet (WiFi+4GB),datawind,android,NULL,NULL,1,1.3,1,0,0,0,0.5,4,NULL,NULL,7,NULL,NULL,60,NULL,1,0.3,0,NULL,32,26,3.45,6900
Datawind 3D7 Plus Tablet (WiFi+3G+4GB),datawind,android,NULL,NULL,1,1,1,0,0,0,0.5,4,NULL,NULL,7,Widescreen (16:10),SD,60,169.55,1,2,0,NULL,32,37,3.9,10200
Datawind Vidya Tablet (WiFi+4GB),datawind,android,NULL,NULL,2,1.2,1,0,0,0,0.5,4,2200,0,7,Widescreen (16:10),SD,60,133.28,1,0.3,1,0.3,32,32,4,2290
Datawind 7AB Tablet (WiFi+4GB),datawind,android,NULL,NULL,1,1.3,1,0,0,0,0.5,4,NULL,NULL,7,NULL,NULL,60,NULL,1,0.3,0,NULL,32,27,3.3,8550
Datawind 27CZ Tablet,datawind,android,NULL,NULL,2,1.3,1,0,0,0,0.5,4,2500,0,7,Standard (4:3 or 5:4),SD,60,133.28,1,2,1,0.3,NULL,36,3.3,2399
Doogee T30 Ultra Tablet,doogee,android,Helio,Helio G99,8,2.2,1,0,0,0,12,256,8580,18,11,Standard (4:3 or 5:4),WQXGA,90,274.44,1,16,1,8,2048,76,4.6,25990
Doogee T20 Ultra Tablet,doogee,android,Helio,Helio G99,8,2.2,1,0,0,0,12,256,10800,0,12,Standard (4:3 or 5:4),HD+,90,194.37,1,16,1,8,2048,75,4.7,23990
Doogee U11 Pro Tablet,doogee,android,Tiger,Tiger T7200 (T606),8,2,0,0,0,0,6,256,8580,1,11,Standard (4:3 or 5:4),SD,60,137.22,1,13,1,5,1,55,4.05,14500
Doogee T40 Pro Tablet,doogee,android,Helio,Helio G100,8,NULL,1,0,0,0,8,256,9250,33,12.5,Standard (4:3 or 5:4),3K,120,286.22,1,50,1,8,2048,76,4.15,32990
Doogee T30S Tablet,doogee,android,Other,Other,8,1.6,1,0,0,0,6,256,8580,0,11,Standard (4:3 or 5:4),HD+,60,205.83,1,13,1,8,1024,78,4.25,24799
Doogee T20 Mini Tablet,doogee,android,Other,Other,8,2,1,0,0,0,4,128,5060,0,8.4,Standard (4:3 or 5:4),HD+,60,313.31,1,13,1,5,1024,62,4.1,12990
Doogee T10 Pro Tablet,doogee,android,Other,Other,8,2,0,0,0,0,15,256,8580,18,10.1,NULL,NULL,60,NULL,1,13,1,8,NULL,61,4.7,29999
Doogee T10 Plus Tablet,doogee,android,Other,Other,8,2,0,0,0,0,20,256,8250,18,10.51,NULL,NULL,60,NULL,1,13,1,8,1024,63,4,24999
Doogee U10 Tablet,doogee,android,Other,Other,4,2,0,0,0,0,9,NULL,5060,0,10.1,NULL,NULL,60,NULL,1,8,1,5,NULL,39,4.6,23999
Doogee T10S Tablet,doogee,android,Other,Other,8,2,1,0,0,0,6,128,6600,0,10.1,Standard (4:3 or 5:4),HD+,60,224.17,1,8,1,5,1024,74,4.05,16500
Doogee T20S Tablet,doogee,android,Tiger,Tiger T616,8,2,1,0,0,0,8,128,7500,0,10.4,Standard (4:3 or 5:4),HD+,60,217.71,1,13,1,5,1024,76,4.35,24999
Doogee T30 Pro Tablet,doogee,android,Helio,Helio G99,8,2.2,1,0,0,0,8,256,8580,18,11,Standard (4:3 or 5:4),WQXGA,90,274.44,1,20,1,8,2048,84,4.05,28990
Doogee T20 Tablet,doogee,android,Tiger,Tiger T616,8,2,1,0,0,0,8,256,8300,18,10.4,Standard (4:3 or 5:4),HD+,60,224.27,1,16,1,8,1024,79,4.5,17990
Doogee R10 Tablet,doogee,android,Helio,Helio G99,8,2.2,1,0,0,0,8,128,10800,18,10.36,Standard (4:3 or 5:4),WQXGA,60,247.1,1,20,1,16,2048,81,4.3,19990
Doogee T10,doogee,android,Other,Other,8,2,1,0,0,0,8,128,8300,18,10.1,Standard (4:3 or 5:4),HD+,60,224.17,1,13,1,8,1024,78,4.75,14499
Nothing Tab 1,nothing,android,NULL,NULL,8,NULL,1,1,0,0,6,128,7000,45,10.1,Standard (4:3 or 5:4),WQXGA,120,298.9,1,12,1,8,512,72,4,26990
Swipe Slate 3 Tablet,swipe,android,Tiger,Tiger T310,4,2,1,0,0,0,3,32,6000,0,10.1,Balanced (3:2),SD,60,142.79,1,8,1,5,128,63,4.45,9999
Swipe Strike Tablet,swipe,other,Helio,Helio MTK8765,4,1.28,1,0,0,0,3,32,3000,0,7,Standard (4:3 or 5:4),SD,60,169.55,1,5,1,2,128,59,4.05,5999
Swipe Slate 3 Tablet (Wi-Fi + 32GB),swipe,android,Tiger,Tiger T310,4,2,0,0,0,0,3,32,6000,0,10.1,Balanced (3:2),SD,60,142.79,1,8,1,5,128,55,4.55,8999
Swipe Slate 3 Tablet (Wi-Fi + 64GB),swipe,android,Tiger,Tiger T310,4,2,0,0,0,0,4,64,6000,0,10.1,Balanced (3:2),SD,60,142.79,1,8,1,5,128,57,4.1,10999
Swipe X1 Tablet (6GB RAM + 128GB),swipe,android,Helio,Helio P23,8,2.3,1,0,0,0,6,128,5000,0,10.1,Widescreen (16:10),HD+,60,224.17,1,5,1,5,1,75,4.65,15999
Swipe Slate 2 Tablet (32GB),swipe,android,Helio,Helio MT8765B,4,1.28,1,0,0,0,3,32,5000,0,10.1,Widescreen (16:10),SD,60,145.41,1,8,1,5,128,63,4,10999
Swipe Slate 2 Tablet,swipe,android,Helio,Helio MT8765B,4,1.28,1,0,0,0,2,16,5000,0,10.1,Widescreen (16:10),SD,60,145.41,1,8,1,5,128,58,4.1,11646
Swipe X1 Tablet,swipe,android,Helio,Helio P23,8,2.3,1,0,0,0,4,64,5000,0,10.1,Widescreen (16:10),HD+,60,224.17,1,5,1,5,128,72,4.05,12999
Swipe Strike 8 Tablet,swipe,android,Helio,Helio A22,4,2,1,0,0,0,3,32,5000,1,8,Standard (4:3 or 5:4),SD,60,188.68,1,8,1,5,128,66,4.5,6990
Swipe Strike 4G VoLTE Tablet (3GB RAM + 32GB),swipe,android,NULL,NULL,4,1.3,1,0,0,0,3,32,3000,0,7,Widescreen (16:10),SD,60,169.55,1,5,1,2,32,58,4.75,5799
Swipe Blaze 4G Tablet,swipe,android,NULL,NULL,4,1.3,1,0,0,0,1,8,3000,0,7,Widescreen (16:10),SD,60,169.55,1,5,1,2,32,47,3.35,5000
Swipe Slate Pro Tablet (WiFi+4G+16GB),swipe,android,NULL,NULL,4,NULL,1,0,0,0,2,16,5000,0,10,Widescreen (16:10),SD,60,150.94,1,5,0,NULL,1,48,4.15,8890
Swipe Slate Plus (16GB),swipe,android,NULL,NULL,4,1.2,1,0,0,0,1,16,5000,0,10.1,Standard (4:3 or 5:4),SD,60,149.45,1,5,1,2,32,50,3,7999
Swipe Razor Tablet (WiFi+4G+8GB),swipe,other,NULL,NULL,1,1.3,1,0,0,0,1,8,3000,0,7,Widescreen (16:10),SD,60,169.55,1,2,1,0.3,32,42,3.4,5999
Swipe Slate Plus,swipe,android,NULL,NULL,4,1.2,1,0,0,0,2,32,6000,0,10.1,Widescreen (16:10),SD,60,149.45,1,5,1,2,32,52,4.6,7999
Swipe Strike 4G VoLTE Tablet,swipe,android,NULL,NULL,4,1.3,1,0,0,0,2,16,3000,0,7,Widescreen (16:10),SD,60,169.55,1,5,1,2,32,54,4.25,5900
Swipe Ace Prime Tablet (WiFi+3G+16GB),swipe,android,Intel,Intel,4,1.1,1,0,0,0,1,16,3000,0,7,Standard (4:3 or 5:4),SD,60,185.64,1,5,1,2,32,47,3.6,3999
Swipe Slate 8 Tablet,swipe,other,NULL,NULL,4,1.3,1,0,0,0,2,32,4500,0,8,Standard (4:3 or 5:4),SD,60,188.68,1,5,1,2,32,55,4.6,3299
Swipe Eco Tablet (WiFi+3G+4GB),swipe,android,Helio,Helio,2,1.3,1,0,0,0,NULL,4,3000,0,7,Widescreen (16:10),SD,60,169.55,1,2,1,0.3,32,37,3.75,3999
Swipe X703 Tablet,swipe,other,Helio,Helio MTK8321,4,1.3,1,0,0,0,1,8,6000,0,10.1,Widescreen (16:10),SD,60,149.45,1,5,1,2,32,49,2.6,7199
Swipe W74 Tablet,swipe,android,Helio,Helio,4,1.3,1,0,0,0,1,8,3000,0,7,Widescreen (16:10),SD,60,169.55,1,2,1,0.3,32,44,4.55,3499
Swipe Ace Strike 4G Tablet,swipe,android,NULL,NULL,4,1.3,1,0,0,0,2,16,4000,0,6.98,Widescreen (16:10),SD,60,170.03,1,5,1,2,32,50,4.15,6490
Swipe Ace Tablet,swipe,android,NULL,NULL,4,1.3,1,0,0,0,1,16,2800,0,7,Standard (4:3 or 5:4),SD,60,169.55,1,5,1,2,32,49,3.55,3499
Swipe Halo Walk N Talk Tablet,swipe,android,NULL,NULL,1,1.5,1,0,0,0,0.5,4,3600,0,7,Standard (4:3 or 5:4),SD,60,133.28,1,2,1,1.3,32,37,3.7,6000
Swipe Slice Tablet (WiFi+3G+4GB),swipe,other,NULL,NULL,2,1.3,1,0,0,0,0.5,4,3000,0,7,Standard (4:3 or 5:4),SD,60,133.28,1,2,1,0.3,32,40,4.6,2999
Swipe Slate Pro,swipe,android,NULL,NULL,4,1.3,1,0,0,0,1,16,6400,0,9.69,Standard (4:3 or 5:4),SD,60,132.09,1,2,1,0.3,32,47,3.1,7900
Swipe MTV Slash 3X Tablet (WiFi+3G+8GB),swipe,android,NULL,NULL,NULL,NULL,1,0,0,0,NULL,8,NULL,NULL,7,Widescreen (16:10),SD,60,169.55,0,NULL,1,0.3,32,33,3.8,4439
Swipe MTV Slash 2x,swipe,android,NULL,NULL,1,1.3,1,0,0,0,1,4,3000,0,7,Standard (4:3 or 5:4),SD,60,169.55,1,2,1,0.3,32,42,3.8,6990
Swipe MTV Slash Tablet (WiFi+3G+8GB),swipe,android,NULL,NULL,2,2,1,0,0,0,1,8,3000,0,7,Standard (4:3 or 5:4),SD,60,169.55,1,5,1,0.3,32,46,4.05,4100
Swipe MTV Slash 4X Tablet (WiFi+3G+8GB),swipe,android,NULL,NULL,4,1.3,1,0,0,0,1,8,3000,0,7,Widescreen (16:10),SD,60,169.55,1,2,1,0.3,32,45,3.5,5500
Swipe Ultimate Tablet (WiFi+32GB),swipe,other,NULL,NULL,4,1.33,0,0,0,0,2,32,8000,0,10.1,Standard (4:3 or 5:4),SD,60,149.45,1,5,1,2,NULL,53,4.05,25000
Swipe Fablet F1 (WiFi+3G+4GB),swipe,android,NULL,NULL,1,1,1,0,0,0,NULL,NULL,NULL,NULL,NULL,NULL,NULL,60,NULL,0,0,0,NULL,NULL,14,3.55,5499
Swipe Slice Tablet (WiFi+4GB),swipe,other,NULL,NULL,2,1.3,1,0,0,0,0.5,4,3000,0,7,Standard (4:3 or 5:4),SD,60,133.28,1,2,1,0.3,32,37,4,3549
Swipe Halo Edge (WiFi+4GB),swipe,android,NULL,NULL,1,1.5,1,0,0,0,1,4,3500,0,7,Standard (4:3 or 5:4),SD,60,183.31,1,2,1,1.3,32,42,3.9,5500
Swipe Velocity Tab (WiFi+8GB),swipe,other,NULL,NULL,2,1.6,1,0,0,0,1,8,4500,0,8,Standard (4:3 or 5:4),SD,60,160,1,2,1,1.3,32,43,4.6,7850
Swipe MTV Slash Tablet (WiFi+3G+4GB),swipe,android,NULL,NULL,2,1,1,0,0,0,1,4,3000,0,7,Widescreen (16:10),SD,60,169.55,1,2,1,0.3,32,40,4.15,3100
Swipe Halo Tab X74S (WiFi+4GB),swipe,android,NULL,NULL,1,1.5,1,0,0,0,1,4,3800,0,7,Widescreen (16:10),SD,60,133.28,1,2,1,1.3,32,38,4.45,6950
Swipe Halo Value 8 Tablet (WiFi+2G+8GB),swipe,android,NULL,NULL,NULL,NULL,1,0,0,0,0.5,8,4000,0,8,Standard (4:3 or 5:4),SD,60,125,1,2,1,0.3,32,34,3.75,6799
Swipe Halo Fone Tablet (WiFi+3G+4GB),swipe,android,NULL,NULL,2,1.3,1,0,0,0,0.5,4,2800,0,6.5,Standard (4:3 or 5:4),SD,60,143.53,1,2,1,0.3,32,41,3.5,6999
Swipe Float Tab X78 (WiFi+8GB),swipe,other,NULL,NULL,1,1.5,0,0,0,0,0.5,8,3000,0,7,Standard (4:3 or 5:4),SD,60,133.28,0,NULL,1,2,NULL,37,3.55,7199
Swipe MTV Slate Tablet (WiFi+3G+8GB),swipe,android,NULL,NULL,4,1.2,1,0,0,0,1,8,3200,0,7.85,Standard (4:3 or 5:4),SD,60,163.06,1,5,1,0.3,32,45,3.55,5430
Swipe Legend Tablet (WiFi+3G+4GB),swipe,android,NULL,NULL,2,1.5,1,0,0,0,0.5,4,3600,0,7,Widescreen (16:10),SD,60,133.28,1,2,1,1.3,32,42,4.25,6999
Swipe Halo Value Tablet (WiFi+2G+4GB),swipe,other,NULL,NULL,2,1.2,1,0,0,0,0.5,4,3000,0,7,Standard (4:3 or 5:4),SD,60,133.28,1,2,1,0.3,32,36,3.95,5999
Swipe Monster Tab Tablet (WiFi+3G+8GB),swipe,android,NULL,NULL,1,1.5,1,0,0,0,0.5,8,5400,0,9,Widescreen (16:10),SD,60,103.66,0,NULL,1,2,NULL,37,3.3,7890
Swipe Halo Value Plus Tablet (WiFi+2G+1GB RAM+4GB),swipe,android,NULL,NULL,2,1.2,1,0,0,0,0.5,4,3000,0,7,Standard (4:3 or 5:4),SD,60,133.28,1,2,1,0.3,32,36,4.65,5000
Swipe MTV VOLT 1000 Tablet (WiFi+3G+4GB),swipe,other,NULL,NULL,2,1,1,0,0,0,1,4,3200,0,6,Widescreen (16:10),SD,60,163.28,1,8,1,1.3,32,44,3.8,14999
Swipe 3D Life Plus Tablet (WiFi+4GB),swipe,android,NULL,NULL,2,1.2,0,0,0,0,0.5,4,3000,0,7,Standard (4:3 or 5:4),SD,60,133.28,1,1.3,1,1.3,32,35,4.7,2200
Swipe All In One Tablet (WiFi+3G+8GB),swipe,other,NULL,NULL,1,1.5,1,0,0,0,1,8,4000,0,7,Widescreen (16:10),SD,60,170.04,1,2,1,1.3,32,45,3.15,11999
Swipe 3D Life Tab X74 3D (WiFi+4GB),swipe,android,NULL,NULL,1,1.5,1,0,0,0,0.5,512,3400,0,7,Widescreen (16:10),SD,60,133.28,1,2,0,NULL,32,32,4.15,6199
Swipe MTV Slash 4X (WiFi+3G+4GB),swipe,android,NULL,NULL,4,1.3,1,0,0,0,1,4,3000,0,7,Widescreen (16:10),SD,60,169.55,1,2,1,0.3,32,43,3.55,3890
Swipe Junior Tablet (WiFi+4GB),swipe,android,NULL,NULL,1,1,1,0,0,0,0.5,4,3000,0,7,Standard (4:3 or 5:4),SD,60,169.55,1,2,1,0.3,32,36,3.75,5590
Swipe Halo 3G Tab (WiFi+3G+4GB),swipe,android,NULL,NULL,1,1.5,1,0,0,0,1,4,3200,0,7,Widescreen (16:10),SD,60,133.28,0,NULL,1,0.3,NULL,38,3.3,7450
Swipe Halo Value Plus Tablet (WiFi+2G+512MB RAM+4GB),swipe,android,NULL,NULL,2,1.2,1,0,0,0,0.5,4,3000,0,7,Standard (4:3 or 5:4),SD,60,133.28,1,2,1,0.3,32,36,4,5440
Tecno MegaPad 10,tecno,android,Helio,Helio G80,8,2,1,0,0,0,4,128,7000,18,10.1,Standard (4:3 or 5:4),SD,90,149.45,1,13,1,5,1,69,4.5,11990
Tecno MegaPad 11 Tablet,tecno,android,Helio,Helio G99,8,2.2,1,0,0,0,8,128,8000,18,11,Standard (4:3 or 5:4),HD+,90,205.83,1,13,1,8,1,73,4.5,14990
Amtrak A 700 Tablet,amtrak,android,NULL,NULL,1,1,1,0,0,0,1,4,3600,0,7,Widescreen (16:10),SD,60,133.28,1,0.3,0,NULL,32,34,3.05,4130
Amtrak A-713 3G Tablet,amtrak,android,NULL,NULL,1,1,1,0,0,0,1,8,4000,0,7,Widescreen (16:10),SD,60,133.28,1,2,1,0.3,32,39,3.5,10130
Amtrak A712L Tablet (4GB),amtrak,android,NULL,NULL,1,1,1,0,0,0,0.5,4,3000,0,7,Standard (4:3 or 5:4),SD,60,133.28,1,2,0,NULL,32,35,3.8,2999
Amtrak A-723G 3G Dual Sim Tablet,amtrak,android,NULL,NULL,1,1,1,0,0,0,1,8,4000,0,7,Widescreen (16:10),SD,60,169.55,1,2,1,0.3,32,44,3,14999
Byond Mi-book Mi5 Tab,byond,android,NULL,NULL,1,1.2,1,0,0,0,NULL,8,3000,0,7,Widescreen (16:10),SD,60,133.28,1,0.3,0,NULL,NULL,34,4,3599
Byond Mi-book Mi9 Tab,byond,android,NULL,NULL,1,1.2,0,0,0,0,0.5,8,6000,0,9,Widescreen (16:10),SD,60,103.66,1,0.3,0,NULL,NULL,34,3.55,4070
Byond Laplet L9 plus,byond,android,NULL,NULL,1,1.2,0,0,0,0,0.5,8,6000,0,9,Widescreen (16:10),SD,60,103.66,1,0.3,0,NULL,NULL,32,2.45,4159
Byond Laplet L9,byond,android,NULL,NULL,1,1.2,0,0,0,0,0.5,8,6000,0,9,Widescreen (16:10),SD,60,103.66,1,0.3,0,NULL,NULL,32,2.45,4293
Byond Mi-book Mi5 Plus Tablet Wi-Fi,byond,android,NULL,NULL,1,1.2,1,0,0,0,1,4,3000,0,7,Widescreen (16:10),SD,60,133.28,1,0.3,0,NULL,NULL,35,3.25,5099
Byond Mi-book Mi7 Tab,byond,android,NULL,NULL,2,1.2,1,0,0,0,NULL,4,3200,0,7,Widescreen (16:10),SD,60,169.55,1,2,1,0.3,32,38,4.1,6500
Byond Mi-book Mi1 Tab,byond,android,NULL,NULL,1,1.2,0,0,0,0,NULL,4,3000,0,7,Widescreen (16:10),SD,60,133.28,1,0.3,0,NULL,32,30,3.9,3120
Byond Mi-Book Mi8 Tab,byond,android,NULL,NULL,2,1.2,1,0,0,0,NULL,4,4000,0,8,Standard (4:3 or 5:4),SD,60,160,1,2,1,0.3,32,38,4.05,7460
Byond Laplet L1,byond,android,NULL,NULL,1,1.2,0,0,0,0,NULL,4,3200,0,7,Widescreen (16:10),SD,60,133.28,1,0.3,0,NULL,NULL,27,2.3,3460
Byond Laplet L1 Plus,byond,android,NULL,NULL,1,1.2,0,0,0,0,NULL,4,3200,0,7,Widescreen (16:10),SD,60,133.28,1,0.3,0,NULL,NULL,27,2.25,3230
Byond Mi-Book Mi10 Tab,byond,android,NULL,NULL,1,1.2,0,0,0,0,NULL,8,6000,0,10,Widescreen (16:10),SD,60,118.68,1,0.3,0,NULL,NULL,35,2.4,8499
Byond Mi-Book Mi2 Tab,byond,android,NULL,NULL,2,1,0,0,0,0,NULL,4,3200,0,7,Widescreen (16:10),SD,60,133.28,1,0.3,0,NULL,NULL,30,2.5,3190
Byond Mi-book Mi3 Tab,byond,android,NULL,NULL,1,1.2,0,0,0,0,1,8,3200,0,7,Widescreen (16:10),SD,60,133.28,1,2,1,0.3,NULL,36,4.25,4690
Dell Venue 8 Pro Tablet (WiFi+32GB),dell,android,NULL,NULL,4,1.8,0,0,0,0,2,32,4830,0,8,Standard (4:3 or 5:4),SD,60,188.68,1,5,1,1.2,64,50,4.25,7990
Dell Venue 8 3840 Tablet (WiFi+3G+16GB),dell,android,NULL,NULL,2,2.1,1,0,0,0,1,16,4550,0,8,Standard (4:3 or 5:4),HD+,60,283.02,1,5,1,2,64,54,4.6,13400
Dell Venue 8 7000 Tablet,dell,android,Intel,Intel Z3580,4,2.3,1,0,0,0,2,16,NULL,NULL,8.4,Standard (4:3 or 5:4),WQXGA,60,359.39,1,8,1,2,1,65,4.05,34999
Dell Venue 7 3000 Series Tablet (16GB+WiFi),dell,android,NULL,NULL,2,1.6,1,0,0,0,1,NULL,4550,0,7,Widescreen (16:10),SD,60,215.63,1,5,1,1,64,35,3.25,9999
Dell Venue 7 3741 Tablet (8GB+WiFi+3G),dell,other,NULL,NULL,4,1.83,1,0,0,0,1,8,4100,0,6.95,Standard (4:3 or 5:4),SD,60,170.77,1,2,1,0.3,64,47,3.9,4895
Dell Venue 7 3000 Series Tablet (8GB+WiFi+3G),dell,other,Intel,Intel Z3735G,4,1.83,1,0,0,0,1,8,4100,0,6.95,Standard (4:3 or 5:4),SD,60,170.77,1,2,1,0.3,64,46,3.55,12999
Dell Venue 8 Tablet (WiFi+3G+16GB),dell,other,NULL,NULL,2,2,1,0,0,0,2,16,4100,0,8,Standard (4:3 or 5:4),SD,60,188.68,1,5,1,2,32,52,4.5,13499
Dell Venue 8 7840,dell,android,NULL,NULL,4,2.3,1,0,0,0,2,16,NULL,NULL,8.4,Widescreen (16:10),WQXGA,60,359.39,1,8,1,2,1,58,3.35,24500
Dell Venue 8 3000 Series (Wifi+16GB),dell,android,Intel,Intel Z2580,2,2,1,0,0,0,2,16,4100,0,8,Standard (4:3 or 5:4),SD,60,188.68,1,5,1,2,32,51,3.9,12999
Dell Venue 8 3000 Series (Wifi+16GB+3G),dell,other,NULL,NULL,2,2,1,0,0,0,2,16,4100,0,8,Standard (4:3 or 5:4),SD,60,188.68,1,5,1,2,32,55,3,35559
Dell Venue 7 3000 Series Tablet (16GB+WiFi+3G),dell,other,Intel,Intel Z2560,2,1.6,1,0,0,0,1,16,4100,0,7,Standard (4:3 or 5:4),SD,60,215.63,1,3.15,1,0.3,32,47,4.4,8671
Dell Venue 8 Pro Tablet (WiFi+3G+32GB),dell,android,NULL,NULL,2,2,1,0,0,0,2,32,4100,0,8,Standard (4:3 or 5:4),SD,60,188.68,1,5,1,2,32,55,3.3,23869
Dell Venue 8 Tablet (WiFi+3G+32GB),dell,android,NULL,NULL,2,2,1,0,0,0,2,32,4100,0,8,Standard (4:3 or 5:4),SD,60,188.68,1,5,1,2,32,54,4.05,14208
Dell Venue 7 HD Tablet (WiFi+3G+16GB),dell,android,NULL,NULL,2,1.6,1,0,0,0,2,16,4100,0,7,Standard (4:3 or 5:4),SD,60,215.63,1,3.2,1,0.3,32,50,4.4,9800
Dell Venue 11 Pro Tablet (64GB),dell,other,NULL,NULL,4,2.4,1,0,0,0,2,64,NULL,NULL,10.8,Standard (4:3 or 5:4),HD+,60,203.97,1,8,1,2,NULL,60,4.45,46965
Dell Venue 8 Pro Tablet (WiFi+3G+64GB),dell,other,NULL,NULL,4,1.8,0,0,0,0,2,64,4830,0,8,Standard (4:3 or 5:4),SD,60,188.68,1,5,1,1.2,64,54,3.9,19990
Dell Venue 8 Pro Tablet (WiFi+64GB),dell,android,NULL,NULL,4,1.8,0,0,0,0,2,64,4830,0,8,Standard (4:3 or 5:4),SD,60,188.68,1,5,1,1.2,64,53,4.2,14990
Dell Venue 7 HD Tablet (16GB),dell,android,Intel,Intel Z2560,2,1.6,0,0,0,0,1,16,4100,0,7,Standard (4:3 or 5:4),SD,60,215.63,1,3.15,1,0.3,32,44,4.15,6990
Dell Venue 8 WiFi (16GB),dell,android,Intel,Intel Z2580,2,2,0,0,0,0,2,16,4100,0,8,Standard (4:3 or 5:4),SD,60,188.68,1,5,1,2,32,48,4.25,9990
Dell Venue 8 WiFi (32GB),dell,android,Intel,Intel Z2580,2,2,0,0,0,0,2,32,4100,0,8,Standard (4:3 or 5:4),SD,60,188.68,1,5,1,2,32,49,4.05,4999
Dell Streak 7,dell,android,NULL,NULL,2,1,1,0,0,0,NULL,16,2780,0,7,Standard (4:3 or 5:4),SD,60,133.28,1,5,1,1.3,32,42,3.35,10000
Fusion5 F105D 4G Tablet,fusion5,android,NULL,NULL,4,NULL,1,0,0,0,2,32,5000,0,9.6,Widescreen (16:10),SD,60,157.23,1,8,1,2,128,53,4.7,6999
Intex I-Buddy 7.0 WiFi (4GB),intex,android,NULL,NULL,1,1,0,0,0,0,NULL,4,2350,0,7,Widescreen (16:10),SD,60,133.28,1,0.3,0,NULL,32,27,4,1599
Intex iBuddy IN-7DD01 Tablet,intex,android,Helio,Helio MT8321,4,1.3,1,0,0,0,1,8,2800,0,7,Standard (4:3 or 5:4),SD,60,169.55,1,2,1,0.3,32,47,4.15,3999
Intex Connect,intex,android,NULL,NULL,1,1,1,0,0,0,0.5,4,3000,0,7,Widescreen (16:10),SD,60,133.28,1,2,1,0.3,32,36,3.2,7999
Intex I-Buddy Connect II 3G Tab,intex,android,NULL,NULL,2,1,1,0,0,0,NULL,NULL,3000,0,7,Standard (4:3 or 5:4),SD,60,127.78,1,0.3,1,0.3,32,30,3.5,7500
Intex I-Buddy Connect 3G,intex,android,NULL,NULL,2,1,1,0,0,0,NULL,2,3500,0,7,Widescreen (16:10),SD,60,169.55,1,3.2,1,1.2,32,37,4.5,5845
Intex I-Tab 5T (8GB),intex,android,NULL,NULL,1,1,0,0,0,0,1,8,5000,0,8,Standard (4:3 or 5:4),SD,60,125,0,0,0,NULL,32,39,4.2,8800
Intex I-Buddy 7.2 WiFi (4GB),intex,android,NULL,NULL,1,1,0,0,0,0,NULL,4,NULL,NULL,7,Widescreen (16:10),SD,60,133.28,1,0.3,0,NULL,32,28,2.35,3999
Intex I-Buddy 3,intex,android,NULL,NULL,1,NULL,0,0,0,0,NULL,4,2800,0,7,Widescreen (16:10),SD,60,133.28,1,0.3,0,NULL,NULL,26,2.15,4699
Jio Education Tablet,jio,android,NULL,NULL,NULL,NULL,1,0,0,0,2,16,5000,0,NULL,Widescreen (16:10),SD,60,NULL,1,2,1,NULL,128,39,4.7,5999
